,0,1,2,3
0,1.0,5.0,0.0,-50.0
1,1.0,5.0,0.0,-48.0
2,1.0,5.0,0.0,-46.0
3,1.0,5.0,0.0,-44.0
4,1.0,5.0,0.0,-42.0
5,1.0,5.0,0.0,-40.0
6,1.0,5.0,0.0,-38.0
7,1.0,5.0,0.0,-36.0
8,1.0,5.0,0.0,-34.0
9,1.0,5.0,0.0,-32.0
10,1.0,5.0,0.0,-30.0
11,1.0,5.0,0.0,-28.0
12,1.0,5.0,0.0,-26.0
13,1.0,5.0,0.0,-24.0
14,1.0,5.0,0.0,-22.0
15,1.0,5.0,0.0,-20.0
16,1.0,5.0,0.0,-18.0
17,1.0,5.0,0.0,-16.0
18,1.0,5.0,0.0,-14.0
19,1.0,5.0,0.0,-12.0
20,1.0,5.0,0.0,-10.0
21,1.0,5.0,0.0,-8.0
22,1.0,5.0,0.0,-6.0
23,1.0,5.0,0.0,-4.0
24,1.0,5.0,0.0,-2.0
25,1.0,5.0,0.0,0.0
26,1.0,5.0,0.0,2.0
27,1.0,5.0,0.0,4.0
28,1.0,5.0,0.0,6.0
29,1.0,5.0,0.0,8.0
30,1.0,5.0,0.0,10.0
31,1.0,5.0,0.0,12.0
32,1.0,5.0,0.0,14.0
33,1.0,5.0,0.0,16.0
34,1.0,5.0,0.0,18.0
35,1.0,5.0,0.0,20.0
36,1.0,5.0,0.0,22.0
37,1.0,5.0,0.0,24.0
38,1.0,5.0,0.0,26.0
39,1.0,5.0,0.0,28.0
40,1.0,5.0,0.0,30.0
41,1.0,5.0,0.0,32.0
42,1.0,5.0,0.0,34.0
43,1.0,5.0,0.0,36.0
44,1.0,5.0,0.0,38.0
45,1.0,5.0,0.0,40.0
46,1.0,5.0,0.0,42.0
47,1.0,5.0,0.0,44.0
48,1.0,5.0,0.0,46.0
49,1.0,5.0,0.0,48.0
50,1.0,5.0,0.0,50.0
51,1.0,4.9,0.9949874371066204,-50.0
52,1.0,4.9,0.9949874371066204,-48.0
53,1.0,4.9,0.9949874371066204,-46.0
54,1.0,4.9,0.9949874371066204,-44.0
55,1.0,4.9,0.9949874371066204,-42.0
56,1.0,4.9,0.9949874371066204,-40.0
57,1.0,4.9,0.9949874371066204,-38.0
58,1.0,4.9,0.9949874371066204,-36.0
59,1.0,4.9,0.9949874371066204,-34.0
60,1.0,4.9,0.9949874371066204,-32.0
61,1.0,4.9,0.9949874371066204,-30.0
62,1.0,4.9,0.9949874371066204,-28.0
63,1.0,4.9,0.9949874371066204,-26.0
64,1.0,4.9,0.9949874371066204,-24.0
65,1.0,4.9,0.9949874371066204,-22.0
66,1.0,4.9,0.9949874371066204,-20.0
67,1.0,4.9,0.9949874371066204,-18.0
68,1.0,4.9,0.9949874371066204,-16.0
69,1.0,4.9,0.9949874371066204,-14.0
70,1.0,4.9,0.9949874371066204,-12.0
71,1.0,4.9,0.9949874371066204,-10.0
72,1.0,4.9,0.9949874371066204,-8.0
73,1.0,4.9,0.9949874371066204,-6.0
74,1.0,4.9,0.9949874371066204,-4.0
75,1.0,4.9,0.9949874371066204,-2.0
76,1.0,4.9,0.9949874371066204,0.0
77,1.0,4.9,0.9949874371066204,2.0
78,1.0,4.9,0.9949874371066204,4.0
79,1.0,4.9,0.9949874371066204,6.0
80,1.0,4.9,0.9949874371066204,8.0
81,1.0,4.9,0.9949874371066204,10.0
82,1.0,4.9,0.9949874371066204,12.0
83,1.0,4.9,0.9949874371066204,14.0
84,1.0,4.9,0.9949874371066204,16.0
85,1.0,4.9,0.9949874371066204,18.0
86,1.0,4.9,0.9949874371066204,20.0
87,1.0,4.9,0.9949874371066204,22.0
88,1.0,4.9,0.9949874371066204,24.0
89,1.0,4.9,0.9949874371066204,26.0
90,1.0,4.9,0.9949874371066204,28.0
91,1.0,4.9,0.9949874371066204,30.0
92,1.0,4.9,0.9949874371066204,32.0
93,1.0,4.9,0.9949874371066204,34.0
94,1.0,4.9,0.9949874371066204,36.0
95,1.0,4.9,0.9949874371066204,38.0
96,1.0,4.9,0.9949874371066204,40.0
97,1.0,4.9,0.9949874371066204,42.0
98,1.0,4.9,0.9949874371066204,44.0
99,1.0,4.9,0.9949874371066204,46.0
100,1.0,4.9,0.9949874371066204,48.0
101,1.0,4.9,0.9949874371066204,50.0
102,1.0,4.604,1.9501753767289758,-50.0
103,1.0,4.604,1.9501753767289758,-48.0
104,1.0,4.604,1.9501753767289758,-46.0
105,1.0,4.604,1.9501753767289758,-44.0
106,1.0,4.604,1.9501753767289758,-42.0
107,1.0,4.604,1.9501753767289758,-40.0
108,1.0,4.604,1.9501753767289758,-38.0
109,1.0,4.604,1.9501753767289758,-36.0
110,1.0,4.604,1.9501753767289758,-34.0
111,1.0,4.604,1.9501753767289758,-32.0
112,1.0,4.604,1.9501753767289758,-30.0
113,1.0,4.604,1.9501753767289758,-28.0
114,1.0,4.604,1.9501753767289758,-26.0
115,1.0,4.604,1.9501753767289758,-24.0
116,1.0,4.604,1.9501753767289758,-22.0
117,1.0,4.604,1.9501753767289758,-20.0
118,1.0,4.604,1.9501753767289758,-18.0
119,1.0,4.604,1.9501753767289758,-16.0
120,1.0,4.604,1.9501753767289758,-14.0
121,1.0,4.604,1.9501753767289758,-12.0
122,1.0,4.604,1.9501753767289758,-10.0
123,1.0,4.604,1.9501753767289758,-8.0
124,1.0,4.604,1.9501753767289758,-6.0
125,1.0,4.604,1.9501753767289758,-4.0
126,1.0,4.604,1.9501753767289758,-2.0
127,1.0,4.604,1.9501753767289758,0.0
128,1.0,4.604,1.9501753767289758,2.0
129,1.0,4.604,1.9501753767289758,4.0
130,1.0,4.604,1.9501753767289758,6.0
131,1.0,4.604,1.9501753767289758,8.0
132,1.0,4.604,1.9501753767289758,10.0
133,1.0,4.604,1.9501753767289758,12.0
134,1.0,4.604,1.9501753767289758,14.0
135,1.0,4.604,1.9501753767289758,16.0
136,1.0,4.604,1.9501753767289758,18.0
137,1.0,4.604,1.9501753767289758,20.0
138,1.0,4.604,1.9501753767289758,22.0
139,1.0,4.604,1.9501753767289758,24.0
140,1.0,4.604,1.9501753767289758,26.0
141,1.0,4.604,1.9501753767289758,28.0
142,1.0,4.604,1.9501753767289758,30.0
143,1.0,4.604,1.9501753767289758,32.0
144,1.0,4.604,1.9501753767289758,34.0
145,1.0,4.604,1.9501753767289758,36.0
146,1.0,4.604,1.9501753767289758,38.0
147,1.0,4.604,1.9501753767289758,40.0
148,1.0,4.604,1.9501753767289758,42.0
149,1.0,4.604,1.9501753767289758,44.0
150,1.0,4.604,1.9501753767289758,46.0
151,1.0,4.604,1.9501753767289758,48.0
152,1.0,4.604,1.9501753767289758,50.0
153,1.0,4.1238399999999995,2.8273563012821725,-50.0
154,1.0,4.1238399999999995,2.8273563012821725,-48.0
155,1.0,4.1238399999999995,2.8273563012821725,-46.0
156,1.0,4.1238399999999995,2.8273563012821725,-44.0
157,1.0,4.1238399999999995,2.8273563012821725,-42.0
158,1.0,4.1238399999999995,2.8273563012821725,-40.0
159,1.0,4.1238399999999995,2.8273563012821725,-38.0
160,1.0,4.1238399999999995,2.8273563012821725,-36.0
161,1.0,4.1238399999999995,2.8273563012821725,-34.0
162,1.0,4.1238399999999995,2.8273563012821725,-32.0
163,1.0,4.1238399999999995,2.8273563012821725,-30.0
164,1.0,4.1238399999999995,2.8273563012821725,-28.0
165,1.0,4.1238399999999995,2.8273563012821725,-26.0
166,1.0,4.1238399999999995,2.8273563012821725,-24.0
167,1.0,4.1238399999999995,2.8273563012821725,-22.0
168,1.0,4.1238399999999995,2.8273563012821725,-20.0
169,1.0,4.1238399999999995,2.8273563012821725,-18.0
170,1.0,4.1238399999999995,2.8273563012821725,-16.0
171,1.0,4.1238399999999995,2.8273563012821725,-14.0
172,1.0,4.1238399999999995,2.8273563012821725,-12.0
173,1.0,4.1238399999999995,2.8273563012821725,-10.0
174,1.0,4.1238399999999995,2.8273563012821725,-8.0
175,1.0,4.1238399999999995,2.8273563012821725,-6.0
176,1.0,4.1238399999999995,2.8273563012821725,-4.0
177,1.0,4.1238399999999995,2.8273563012821725,-2.0
178,1.0,4.1238399999999995,2.8273563012821725,0.0
179,1.0,4.1238399999999995,2.8273563012821725,2.0
180,1.0,4.1238399999999995,2.8273563012821725,4.0
181,1.0,4.1238399999999995,2.8273563012821725,6.0
182,1.0,4.1238399999999995,2.8273563012821725,8.0
183,1.0,4.1238399999999995,2.8273563012821725,10.0
184,1.0,4.1238399999999995,2.8273563012821725,12.0
185,1.0,4.1238399999999995,2.8273563012821725,14.0
186,1.0,4.1238399999999995,2.8273563012821725,16.0
187,1.0,4.1238399999999995,2.8273563012821725,18.0
188,1.0,4.1238399999999995,2.8273563012821725,20.0
189,1.0,4.1238399999999995,2.8273563012821725,22.0
190,1.0,4.1238399999999995,2.8273563012821725,24.0
191,1.0,4.1238399999999995,2.8273563012821725,26.0
192,1.0,4.1238399999999995,2.8273563012821725,28.0
193,1.0,4.1238399999999995,2.8273563012821725,30.0
194,1.0,4.1238399999999995,2.8273563012821725,32.0
195,1.0,4.1238399999999995,2.8273563012821725,34.0
196,1.0,4.1238399999999995,2.8273563012821725,36.0
197,1.0,4.1238399999999995,2.8273563012821725,38.0
198,1.0,4.1238399999999995,2.8273563012821725,40.0
199,1.0,4.1238399999999995,2.8273563012821725,42.0
200,1.0,4.1238399999999995,2.8273563012821725,44.0
201,1.0,4.1238399999999995,2.8273563012821725,46.0
202,1.0,4.1238399999999995,2.8273563012821725,48.0
203,1.0,4.1238399999999995,2.8273563012821725,50.0
204,1.0,3.4787263999999984,3.591442973784082,-50.0
205,1.0,3.4787263999999984,3.591442973784082,-48.0
206,1.0,3.4787263999999984,3.591442973784082,-46.0
207,1.0,3.4787263999999984,3.591442973784082,-44.0
208,1.0,3.4787263999999984,3.591442973784082,-42.0
209,1.0,3.4787263999999984,3.591442973784082,-40.0
210,1.0,3.4787263999999984,3.591442973784082,-38.0
211,1.0,3.4787263999999984,3.591442973784082,-36.0
212,1.0,3.4787263999999984,3.591442973784082,-34.0
213,1.0,3.4787263999999984,3.591442973784082,-32.0
214,1.0,3.4787263999999984,3.591442973784082,-30.0
215,1.0,3.4787263999999984,3.591442973784082,-28.0
216,1.0,3.4787263999999984,3.591442973784082,-26.0
217,1.0,3.4787263999999984,3.591442973784082,-24.0
218,1.0,3.4787263999999984,3.591442973784082,-22.0
219,1.0,3.4787263999999984,3.591442973784082,-20.0
220,1.0,3.4787263999999984,3.591442973784082,-18.0
221,1.0,3.4787263999999984,3.591442973784082,-16.0
222,1.0,3.4787263999999984,3.591442973784082,-14.0
223,1.0,3.4787263999999984,3.591442973784082,-12.0
224,1.0,3.4787263999999984,3.591442973784082,-10.0
225,1.0,3.4787263999999984,3.591442973784082,-8.0
226,1.0,3.4787263999999984,3.591442973784082,-6.0
227,1.0,3.4787263999999984,3.591442973784082,-4.0
228,1.0,3.4787263999999984,3.591442973784082,-2.0
229,1.0,3.4787263999999984,3.591442973784082,0.0
230,1.0,3.4787263999999984,3.591442973784082,2.0
231,1.0,3.4787263999999984,3.591442973784082,4.0
232,1.0,3.4787263999999984,3.591442973784082,6.0
233,1.0,3.4787263999999984,3.591442973784082,8.0
234,1.0,3.4787263999999984,3.591442973784082,10.0
235,1.0,3.4787263999999984,3.591442973784082,12.0
236,1.0,3.4787263999999984,3.591442973784082,14.0
237,1.0,3.4787263999999984,3.591442973784082,16.0
238,1.0,3.4787263999999984,3.591442973784082,18.0
239,1.0,3.4787263999999984,3.591442973784082,20.0
240,1.0,3.4787263999999984,3.591442973784082,22.0
241,1.0,3.4787263999999984,3.591442973784082,24.0
242,1.0,3.4787263999999984,3.591442973784082,26.0
243,1.0,3.4787263999999984,3.591442973784082,28.0
244,1.0,3.4787263999999984,3.591442973784082,30.0
245,1.0,3.4787263999999984,3.591442973784082,32.0
246,1.0,3.4787263999999984,3.591442973784082,34.0
247,1.0,3.4787263999999984,3.591442973784082,36.0
248,1.0,3.4787263999999984,3.591442973784082,38.0
249,1.0,3.4787263999999984,3.591442973784082,40.0
250,1.0,3.4787263999999984,3.591442973784082,42.0
251,1.0,3.4787263999999984,3.591442973784082,44.0
252,1.0,3.4787263999999984,3.591442973784082,46.0
253,1.0,3.4787263999999984,3.591442973784082,48.0
254,1.0,3.4787263999999984,3.591442973784082,50.0
255,1.0,2.6944637439999983,4.211871927334628,-50.0
256,1.0,2.6944637439999983,4.211871927334628,-48.0
257,1.0,2.6944637439999983,4.211871927334628,-46.0
258,1.0,2.6944637439999983,4.211871927334628,-44.0
259,1.0,2.6944637439999983,4.211871927334628,-42.0
260,1.0,2.6944637439999983,4.211871927334628,-40.0
261,1.0,2.6944637439999983,4.211871927334628,-38.0
262,1.0,2.6944637439999983,4.211871927334628,-36.0
263,1.0,2.6944637439999983,4.211871927334628,-34.0
264,1.0,2.6944637439999983,4.211871927334628,-32.0
265,1.0,2.6944637439999983,4.211871927334628,-30.0
266,1.0,2.6944637439999983,4.211871927334628,-28.0
267,1.0,2.6944637439999983,4.211871927334628,-26.0
268,1.0,2.6944637439999983,4.211871927334628,-24.0
269,1.0,2.6944637439999983,4.211871927334628,-22.0
270,1.0,2.6944637439999983,4.211871927334628,-20.0
271,1.0,2.6944637439999983,4.211871927334628,-18.0
272,1.0,2.6944637439999983,4.211871927334628,-16.0
273,1.0,2.6944637439999983,4.211871927334628,-14.0
274,1.0,2.6944637439999983,4.211871927334628,-12.0
275,1.0,2.6944637439999983,4.211871927334628,-10.0
276,1.0,2.6944637439999983,4.211871927334628,-8.0
277,1.0,2.6944637439999983,4.211871927334628,-6.0
278,1.0,2.6944637439999983,4.211871927334628,-4.0
279,1.0,2.6944637439999983,4.211871927334628,-2.0
280,1.0,2.6944637439999983,4.211871927334628,0.0
281,1.0,2.6944637439999983,4.211871927334628,2.0
282,1.0,2.6944637439999983,4.211871927334628,4.0
283,1.0,2.6944637439999983,4.211871927334628,6.0
284,1.0,2.6944637439999983,4.211871927334628,8.0
285,1.0,2.6944637439999983,4.211871927334628,10.0
286,1.0,2.6944637439999983,4.211871927334628,12.0
287,1.0,2.6944637439999983,4.211871927334628,14.0
288,1.0,2.6944637439999983,4.211871927334628,16.0
289,1.0,2.6944637439999983,4.211871927334628,18.0
290,1.0,2.6944637439999983,4.211871927334628,20.0
291,1.0,2.6944637439999983,4.211871927334628,22.0
292,1.0,2.6944637439999983,4.211871927334628,24.0
293,1.0,2.6944637439999983,4.211871927334628,26.0
294,1.0,2.6944637439999983,4.211871927334628,28.0
295,1.0,2.6944637439999983,4.211871927334628,30.0
296,1.0,2.6944637439999983,4.211871927334628,32.0
297,1.0,2.6944637439999983,4.211871927334628,34.0
298,1.0,2.6944637439999983,4.211871927334628,36.0
299,1.0,2.6944637439999983,4.211871927334628,38.0
300,1.0,2.6944637439999983,4.211871927334628,40.0
301,1.0,2.6944637439999983,4.211871927334628,42.0
302,1.0,2.6944637439999983,4.211871927334628,44.0
303,1.0,2.6944637439999983,4.211871927334628,46.0
304,1.0,2.6944637439999983,4.211871927334628,48.0
305,1.0,2.6944637439999983,4.211871927334628,50.0
306,1.0,1.8024225382399979,4.6638260037917885,-50.0
307,1.0,1.8024225382399979,4.6638260037917885,-48.0
308,1.0,1.8024225382399979,4.6638260037917885,-46.0
309,1.0,1.8024225382399979,4.6638260037917885,-44.0
310,1.0,1.8024225382399979,4.6638260037917885,-42.0
311,1.0,1.8024225382399979,4.6638260037917885,-40.0
312,1.0,1.8024225382399979,4.6638260037917885,-38.0
313,1.0,1.8024225382399979,4.6638260037917885,-36.0
314,1.0,1.8024225382399979,4.6638260037917885,-34.0
315,1.0,1.8024225382399979,4.6638260037917885,-32.0
316,1.0,1.8024225382399979,4.6638260037917885,-30.0
317,1.0,1.8024225382399979,4.6638260037917885,-28.0
318,1.0,1.8024225382399979,4.6638260037917885,-26.0
319,1.0,1.8024225382399979,4.6638260037917885,-24.0
320,1.0,1.8024225382399979,4.6638260037917885,-22.0
321,1.0,1.8024225382399979,4.6638260037917885,-20.0
322,1.0,1.8024225382399979,4.6638260037917885,-18.0
323,1.0,1.8024225382399979,4.6638260037917885,-16.0
324,1.0,1.8024225382399979,4.6638260037917885,-14.0
325,1.0,1.8024225382399979,4.6638260037917885,-12.0
326,1.0,1.8024225382399979,4.6638260037917885,-10.0
327,1.0,1.8024225382399979,4.6638260037917885,-8.0
328,1.0,1.8024225382399979,4.6638260037917885,-6.0
329,1.0,1.8024225382399979,4.6638260037917885,-4.0
330,1.0,1.8024225382399979,4.6638260037917885,-2.0
331,1.0,1.8024225382399979,4.6638260037917885,0.0
332,1.0,1.8024225382399979,4.6638260037917885,2.0
333,1.0,1.8024225382399979,4.6638260037917885,4.0
334,1.0,1.8024225382399979,4.6638260037917885,6.0
335,1.0,1.8024225382399979,4.6638260037917885,8.0
336,1.0,1.8024225382399979,4.6638260037917885,10.0
337,1.0,1.8024225382399979,4.6638260037917885,12.0
338,1.0,1.8024225382399979,4.6638260037917885,14.0
339,1.0,1.8024225382399979,4.6638260037917885,16.0
340,1.0,1.8024225382399979,4.6638260037917885,18.0
341,1.0,1.8024225382399979,4.6638260037917885,20.0
342,1.0,1.8024225382399979,4.6638260037917885,22.0
343,1.0,1.8024225382399979,4.6638260037917885,24.0
344,1.0,1.8024225382399979,4.6638260037917885,26.0
345,1.0,1.8024225382399979,4.6638260037917885,28.0
346,1.0,1.8024225382399979,4.6638260037917885,30.0
347,1.0,1.8024225382399979,4.6638260037917885,32.0
348,1.0,1.8024225382399979,4.6638260037917885,34.0
349,1.0,1.8024225382399979,4.6638260037917885,36.0
350,1.0,1.8024225382399979,4.6638260037917885,38.0
351,1.0,1.8024225382399979,4.6638260037917885,40.0
352,1.0,1.8024225382399979,4.6638260037917885,42.0
353,1.0,1.8024225382399979,4.6638260037917885,44.0
354,1.0,1.8024225382399979,4.6638260037917885,46.0
355,1.0,1.8024225382399979,4.6638260037917885,48.0
356,1.0,1.8024225382399979,4.6638260037917885,50.0
357,1.0,0.838284430950397,4.9292270400972775,-50.0
358,1.0,0.838284430950397,4.9292270400972775,-48.0
359,1.0,0.838284430950397,4.9292270400972775,-46.0
360,1.0,0.838284430950397,4.9292270400972775,-44.0
361,1.0,0.838284430950397,4.9292270400972775,-42.0
362,1.0,0.838284430950397,4.9292270400972775,-40.0
363,1.0,0.838284430950397,4.9292270400972775,-38.0
364,1.0,0.838284430950397,4.9292270400972775,-36.0
365,1.0,0.838284430950397,4.9292270400972775,-34.0
366,1.0,0.838284430950397,4.9292270400972775,-32.0
367,1.0,0.838284430950397,4.9292270400972775,-30.0
368,1.0,0.838284430950397,4.9292270400972775,-28.0
369,1.0,0.838284430950397,4.9292270400972775,-26.0
370,1.0,0.838284430950397,4.9292270400972775,-24.0
371,1.0,0.838284430950397,4.9292270400972775,-22.0
372,1.0,0.838284430950397,4.9292270400972775,-20.0
373,1.0,0.838284430950397,4.9292270400972775,-18.0
374,1.0,0.838284430950397,4.9292270400972775,-16.0
375,1.0,0.838284430950397,4.9292270400972775,-14.0
376,1.0,0.838284430950397,4.9292270400972775,-12.0
377,1.0,0.838284430950397,4.9292270400972775,-10.0
378,1.0,0.838284430950397,4.9292270400972775,-8.0
379,1.0,0.838284430950397,4.9292270400972775,-6.0
380,1.0,0.838284430950397,4.9292270400972775,-4.0
381,1.0,0.838284430950397,4.9292270400972775,-2.0
382,1.0,0.838284430950397,4.9292270400972775,0.0
383,1.0,0.838284430950397,4.9292270400972775,2.0
384,1.0,0.838284430950397,4.9292270400972775,4.0
385,1.0,0.838284430950397,4.9292270400972775,6.0
386,1.0,0.838284430950397,4.9292270400972775,8.0
387,1.0,0.838284430950397,4.9292270400972775,10.0
388,1.0,0.838284430950397,4.9292270400972775,12.0
389,1.0,0.838284430950397,4.9292270400972775,14.0
390,1.0,0.838284430950397,4.9292270400972775,16.0
391,1.0,0.838284430950397,4.9292270400972775,18.0
392,1.0,0.838284430950397,4.9292270400972775,20.0
393,1.0,0.838284430950397,4.9292270400972775,22.0
394,1.0,0.838284430950397,4.9292270400972775,24.0
395,1.0,0.838284430950397,4.9292270400972775,26.0
396,1.0,0.838284430950397,4.9292270400972775,28.0
397,1.0,0.838284430950397,4.9292270400972775,30.0
398,1.0,0.838284430950397,4.9292270400972775,32.0
399,1.0,0.838284430950397,4.9292270400972775,34.0
400,1.0,0.838284430950397,4.9292270400972775,36.0
401,1.0,0.838284430950397,4.9292270400972775,38.0
402,1.0,0.838284430950397,4.9292270400972775,40.0
403,1.0,0.838284430950397,4.9292270400972775,42.0
404,1.0,0.838284430950397,4.9292270400972775,44.0
405,1.0,0.838284430950397,4.9292270400972775,46.0
406,1.0,0.838284430950397,4.9292270400972775,48.0
407,1.0,0.838284430950397,4.9292270400972775,50.0
408,1.0,-0.1593850535772196,4.997458994798876,-50.0
409,1.0,-0.1593850535772196,4.997458994798876,-48.0
410,1.0,-0.1593850535772196,4.997458994798876,-46.0
411,1.0,-0.1593850535772196,4.997458994798876,-44.0
412,1.0,-0.1593850535772196,4.997458994798876,-42.0
413,1.0,-0.1593850535772196,4.997458994798876,-40.0
414,1.0,-0.1593850535772196,4.997458994798876,-38.0
415,1.0,-0.1593850535772196,4.997458994798876,-36.0
416,1.0,-0.1593850535772196,4.997458994798876,-34.0
417,1.0,-0.1593850535772196,4.997458994798876,-32.0
418,1.0,-0.1593850535772196,4.997458994798876,-30.0
419,1.0,-0.1593850535772196,4.997458994798876,-28.0
420,1.0,-0.1593850535772196,4.997458994798876,-26.0
421,1.0,-0.1593850535772196,4.997458994798876,-24.0
422,1.0,-0.1593850535772196,4.997458994798876,-22.0
423,1.0,-0.1593850535772196,4.997458994798876,-20.0
424,1.0,-0.1593850535772196,4.997458994798876,-18.0
425,1.0,-0.1593850535772196,4.997458994798876,-16.0
426,1.0,-0.1593850535772196,4.997458994798876,-14.0
427,1.0,-0.1593850535772196,4.997458994798876,-12.0
428,1.0,-0.1593850535772196,4.997458994798876,-10.0
429,1.0,-0.1593850535772196,4.997458994798876,-8.0
430,1.0,-0.1593850535772196,4.997458994798876,-6.0
431,1.0,-0.1593850535772196,4.997458994798876,-4.0
432,1.0,-0.1593850535772196,4.997458994798876,-2.0
433,1.0,-0.1593850535772196,4.997458994798876,0.0
434,1.0,-0.1593850535772196,4.997458994798876,2.0
435,1.0,-0.1593850535772196,4.997458994798876,4.0
436,1.0,-0.1593850535772196,4.997458994798876,6.0
437,1.0,-0.1593850535772196,4.997458994798876,8.0
438,1.0,-0.1593850535772196,4.997458994798876,10.0
439,1.0,-0.1593850535772196,4.997458994798876,12.0
440,1.0,-0.1593850535772196,4.997458994798876,14.0
441,1.0,-0.1593850535772196,4.997458994798876,16.0
442,1.0,-0.1593850535772196,4.997458994798876,18.0
443,1.0,-0.1593850535772196,4.997458994798876,20.0
444,1.0,-0.1593850535772196,4.997458994798876,22.0
445,1.0,-0.1593850535772196,4.997458994798876,24.0
446,1.0,-0.1593850535772196,4.997458994798876,26.0
447,1.0,-0.1593850535772196,4.997458994798876,28.0
448,1.0,-0.1593850535772196,4.997458994798876,30.0
449,1.0,-0.1593850535772196,4.997458994798876,32.0
450,1.0,-0.1593850535772196,4.997458994798876,34.0
451,1.0,-0.1593850535772196,4.997458994798876,36.0
452,1.0,-0.1593850535772196,4.997458994798876,38.0
453,1.0,-0.1593850535772196,4.997458994798876,40.0
454,1.0,-0.1593850535772196,4.997458994798876,42.0
455,1.0,-0.1593850535772196,4.997458994798876,44.0
456,1.0,-0.1593850535772196,4.997458994798876,46.0
457,1.0,-0.1593850535772196,4.997458994798876,48.0
458,1.0,-0.1593850535772196,4.997458994798876,50.0
459,1.0,-1.1506791359617474,4.865792589708518,-50.0
460,1.0,-1.1506791359617474,4.865792589708518,-48.0
461,1.0,-1.1506791359617474,4.865792589708518,-46.0
462,1.0,-1.1506791359617474,4.865792589708518,-44.0
463,1.0,-1.1506791359617474,4.865792589708518,-42.0
464,1.0,-1.1506791359617474,4.865792589708518,-40.0
465,1.0,-1.1506791359617474,4.865792589708518,-38.0
466,1.0,-1.1506791359617474,4.865792589708518,-36.0
467,1.0,-1.1506791359617474,4.865792589708518,-34.0
468,1.0,-1.1506791359617474,4.865792589708518,-32.0
469,1.0,-1.1506791359617474,4.865792589708518,-30.0
470,1.0,-1.1506791359617474,4.865792589708518,-28.0
471,1.0,-1.1506791359617474,4.865792589708518,-26.0
472,1.0,-1.1506791359617474,4.865792589708518,-24.0
473,1.0,-1.1506791359617474,4.865792589708518,-22.0
474,1.0,-1.1506791359617474,4.865792589708518,-20.0
475,1.0,-1.1506791359617474,4.865792589708518,-18.0
476,1.0,-1.1506791359617474,4.865792589708518,-16.0
477,1.0,-1.1506791359617474,4.865792589708518,-14.0
478,1.0,-1.1506791359617474,4.865792589708518,-12.0
479,1.0,-1.1506791359617474,4.865792589708518,-10.0
480,1.0,-1.1506791359617474,4.865792589708518,-8.0
481,1.0,-1.1506791359617474,4.865792589708518,-6.0
482,1.0,-1.1506791359617474,4.865792589708518,-4.0
483,1.0,-1.1506791359617474,4.865792589708518,-2.0
484,1.0,-1.1506791359617474,4.865792589708518,0.0
485,1.0,-1.1506791359617474,4.865792589708518,2.0
486,1.0,-1.1506791359617474,4.865792589708518,4.0
487,1.0,-1.1506791359617474,4.865792589708518,6.0
488,1.0,-1.1506791359617474,4.865792589708518,8.0
489,1.0,-1.1506791359617474,4.865792589708518,10.0
490,1.0,-1.1506791359617474,4.865792589708518,12.0
491,1.0,-1.1506791359617474,4.865792589708518,14.0
492,1.0,-1.1506791359617474,4.865792589708518,16.0
493,1.0,-1.1506791359617474,4.865792589708518,18.0
494,1.0,-1.1506791359617474,4.865792589708518,20.0
495,1.0,-1.1506791359617474,4.865792589708518,22.0
496,1.0,-1.1506791359617474,4.865792589708518,24.0
497,1.0,-1.1506791359617474,4.865792589708518,26.0
498,1.0,-1.1506791359617474,4.865792589708518,28.0
499,1.0,-1.1506791359617474,4.865792589708518,30.0
500,1.0,-1.1506791359617474,4.865792589708518,32.0
501,1.0,-1.1506791359617474,4.865792589708518,34.0
502,1.0,-1.1506791359617474,4.865792589708518,36.0
503,1.0,-1.1506791359617474,4.865792589708518,38.0
504,1.0,-1.1506791359617474,4.865792589708518,40.0
505,1.0,-1.1506791359617474,4.865792589708518,42.0
506,1.0,-1.1506791359617474,4.865792589708518,44.0
507,1.0,-1.1506791359617474,4.865792589708518,46.0
508,1.0,-1.1506791359617474,4.865792589708518,48.0
509,1.0,-1.1506791359617474,4.865792589708518,50.0
510,1.0,-2.0959460529078044,4.53949448102982,-50.0
511,1.0,-2.0959460529078044,4.53949448102982,-48.0
512,1.0,-2.0959460529078044,4.53949448102982,-46.0
513,1.0,-2.0959460529078044,4.53949448102982,-44.0
514,1.0,-2.0959460529078044,4.53949448102982,-42.0
515,1.0,-2.0959460529078044,4.53949448102982,-40.0
516,1.0,-2.0959460529078044,4.53949448102982,-38.0
517,1.0,-2.0959460529078044,4.53949448102982,-36.0
518,1.0,-2.0959460529078044,4.53949448102982,-34.0
519,1.0,-2.0959460529078044,4.53949448102982,-32.0
520,1.0,-2.0959460529078044,4.53949448102982,-30.0
521,1.0,-2.0959460529078044,4.53949448102982,-28.0
522,1.0,-2.0959460529078044,4.53949448102982,-26.0
523,1.0,-2.0959460529078044,4.53949448102982,-24.0
524,1.0,-2.0959460529078044,4.53949448102982,-22.0
525,1.0,-2.0959460529078044,4.53949448102982,-20.0
526,1.0,-2.0959460529078044,4.53949448102982,-18.0
527,1.0,-2.0959460529078044,4.53949448102982,-16.0
528,1.0,-2.0959460529078044,4.53949448102982,-14.0
529,1.0,-2.0959460529078044,4.53949448102982,-12.0
530,1.0,-2.0959460529078044,4.53949448102982,-10.0
531,1.0,-2.0959460529078044,4.53949448102982,-8.0
532,1.0,-2.0959460529078044,4.53949448102982,-6.0
533,1.0,-2.0959460529078044,4.53949448102982,-4.0
534,1.0,-2.0959460529078044,4.53949448102982,-2.0
535,1.0,-2.0959460529078044,4.53949448102982,0.0
536,1.0,-2.0959460529078044,4.53949448102982,2.0
537,1.0,-2.0959460529078044,4.53949448102982,4.0
538,1.0,-2.0959460529078044,4.53949448102982,6.0
539,1.0,-2.0959460529078044,4.53949448102982,8.0
540,1.0,-2.0959460529078044,4.53949448102982,10.0
541,1.0,-2.0959460529078044,4.53949448102982,12.0
542,1.0,-2.0959460529078044,4.53949448102982,14.0
543,1.0,-2.0959460529078044,4.53949448102982,16.0
544,1.0,-2.0959460529078044,4.53949448102982,18.0
545,1.0,-2.0959460529078044,4.53949448102982,20.0
546,1.0,-2.0959460529078044,4.53949448102982,22.0
547,1.0,-2.0959460529078044,4.53949448102982,24.0
548,1.0,-2.0959460529078044,4.53949448102982,26.0
549,1.0,-2.0959460529078044,4.53949448102982,28.0
550,1.0,-2.0959460529078044,4.53949448102982,30.0
551,1.0,-2.0959460529078044,4.53949448102982,32.0
552,1.0,-2.0959460529078044,4.53949448102982,34.0
553,1.0,-2.0959460529078044,4.53949448102982,36.0
554,1.0,-2.0959460529078044,4.53949448102982,38.0
555,1.0,-2.0959460529078044,4.53949448102982,40.0
556,1.0,-2.0959460529078044,4.53949448102982,42.0
557,1.0,-2.0959460529078044,4.53949448102982,44.0
558,1.0,-2.0959460529078044,4.53949448102982,46.0
559,1.0,-2.0959460529078044,4.53949448102982,48.0
560,1.0,-2.0959460529078044,4.53949448102982,50.0
561,1.0,-2.9573751277375493,4.03161659310993,-50.0
562,1.0,-2.9573751277375493,4.03161659310993,-48.0
563,1.0,-2.9573751277375493,4.03161659310993,-46.0
564,1.0,-2.9573751277375493,4.03161659310993,-44.0
565,1.0,-2.9573751277375493,4.03161659310993,-42.0
566,1.0,-2.9573751277375493,4.03161659310993,-40.0
567,1.0,-2.9573751277375493,4.03161659310993,-38.0
568,1.0,-2.9573751277375493,4.03161659310993,-36.0
569,1.0,-2.9573751277375493,4.03161659310993,-34.0
570,1.0,-2.9573751277375493,4.03161659310993,-32.0
571,1.0,-2.9573751277375493,4.03161659310993,-30.0
572,1.0,-2.9573751277375493,4.03161659310993,-28.0
573,1.0,-2.9573751277375493,4.03161659310993,-26.0
574,1.0,-2.9573751277375493,4.03161659310993,-24.0
575,1.0,-2.9573751277375493,4.03161659310993,-22.0
576,1.0,-2.9573751277375493,4.03161659310993,-20.0
577,1.0,-2.9573751277375493,4.03161659310993,-18.0
578,1.0,-2.9573751277375493,4.03161659310993,-16.0
579,1.0,-2.9573751277375493,4.03161659310993,-14.0
580,1.0,-2.9573751277375493,4.03161659310993,-12.0
581,1.0,-2.9573751277375493,4.03161659310993,-10.0
582,1.0,-2.9573751277375493,4.03161659310993,-8.0
583,1.0,-2.9573751277375493,4.03161659310993,-6.0
584,1.0,-2.9573751277375493,4.03161659310993,-4.0
585,1.0,-2.9573751277375493,4.03161659310993,-2.0
586,1.0,-2.9573751277375493,4.03161659310993,0.0
587,1.0,-2.9573751277375493,4.03161659310993,2.0
588,1.0,-2.9573751277375493,4.03161659310993,4.0
589,1.0,-2.9573751277375493,4.03161659310993,6.0
590,1.0,-2.9573751277375493,4.03161659310993,8.0
591,1.0,-2.9573751277375493,4.03161659310993,10.0
592,1.0,-2.9573751277375493,4.03161659310993,12.0
593,1.0,-2.9573751277375493,4.03161659310993,14.0
594,1.0,-2.9573751277375493,4.03161659310993,16.0
595,1.0,-2.9573751277375493,4.03161659310993,18.0
596,1.0,-2.9573751277375493,4.03161659310993,20.0
597,1.0,-2.9573751277375493,4.03161659310993,22.0
598,1.0,-2.9573751277375493,4.03161659310993,24.0
599,1.0,-2.9573751277375493,4.03161659310993,26.0
600,1.0,-2.9573751277375493,4.03161659310993,28.0
601,1.0,-2.9573751277375493,4.03161659310993,30.0
602,1.0,-2.9573751277375493,4.03161659310993,32.0
603,1.0,-2.9573751277375493,4.03161659310993,34.0
604,1.0,-2.9573751277375493,4.03161659310993,36.0
605,1.0,-2.9573751277375493,4.03161659310993,38.0
606,1.0,-2.9573751277375493,4.03161659310993,40.0
607,1.0,-2.9573751277375493,4.03161659310993,42.0
608,1.0,-2.9573751277375493,4.03161659310993,44.0
609,1.0,-2.9573751277375493,4.03161659310993,46.0
610,1.0,-2.9573751277375493,4.03161659310993,48.0
611,1.0,-2.9573751277375493,4.03161659310993,50.0
612,1.0,-3.7005091974577917,3.3624740414656418,-50.0
613,1.0,-3.7005091974577917,3.3624740414656418,-48.0
614,1.0,-3.7005091974577917,3.3624740414656418,-46.0
615,1.0,-3.7005091974577917,3.3624740414656418,-44.0
616,1.0,-3.7005091974577917,3.3624740414656418,-42.0
617,1.0,-3.7005091974577917,3.3624740414656418,-40.0
618,1.0,-3.7005091974577917,3.3624740414656418,-38.0
619,1.0,-3.7005091974577917,3.3624740414656418,-36.0
620,1.0,-3.7005091974577917,3.3624740414656418,-34.0
621,1.0,-3.7005091974577917,3.3624740414656418,-32.0
622,1.0,-3.7005091974577917,3.3624740414656418,-30.0
623,1.0,-3.7005091974577917,3.3624740414656418,-28.0
624,1.0,-3.7005091974577917,3.3624740414656418,-26.0
625,1.0,-3.7005091974577917,3.3624740414656418,-24.0
626,1.0,-3.7005091974577917,3.3624740414656418,-22.0
627,1.0,-3.7005091974577917,3.3624740414656418,-20.0
628,1.0,-3.7005091974577917,3.3624740414656418,-18.0
629,1.0,-3.7005091974577917,3.3624740414656418,-16.0
630,1.0,-3.7005091974577917,3.3624740414656418,-14.0
631,1.0,-3.7005091974577917,3.3624740414656418,-12.0
632,1.0,-3.7005091974577917,3.3624740414656418,-10.0
633,1.0,-3.7005091974577917,3.3624740414656418,-8.0
634,1.0,-3.7005091974577917,3.3624740414656418,-6.0
635,1.0,-3.7005091974577917,3.3624740414656418,-4.0
636,1.0,-3.7005091974577917,3.3624740414656418,-2.0
637,1.0,-3.7005091974577917,3.3624740414656418,0.0
638,1.0,-3.7005091974577917,3.3624740414656418,2.0
639,1.0,-3.7005091974577917,3.3624740414656418,4.0
640,1.0,-3.7005091974577917,3.3624740414656418,6.0
641,1.0,-3.7005091974577917,3.3624740414656418,8.0
642,1.0,-3.7005091974577917,3.3624740414656418,10.0
643,1.0,-3.7005091974577917,3.3624740414656418,12.0
644,1.0,-3.7005091974577917,3.3624740414656418,14.0
645,1.0,-3.7005091974577917,3.3624740414656418,16.0
646,1.0,-3.7005091974577917,3.3624740414656418,18.0
647,1.0,-3.7005091974577917,3.3624740414656418,20.0
648,1.0,-3.7005091974577917,3.3624740414656418,22.0
649,1.0,-3.7005091974577917,3.3624740414656418,24.0
650,1.0,-3.7005091974577917,3.3624740414656418,26.0
651,1.0,-3.7005091974577917,3.3624740414656418,28.0
652,1.0,-3.7005091974577917,3.3624740414656418,30.0
653,1.0,-3.7005091974577917,3.3624740414656418,32.0
654,1.0,-3.7005091974577917,3.3624740414656418,34.0
655,1.0,-3.7005091974577917,3.3624740414656418,36.0
656,1.0,-3.7005091974577917,3.3624740414656418,38.0
657,1.0,-3.7005091974577917,3.3624740414656418,40.0
658,1.0,-3.7005091974577917,3.3624740414656418,42.0
659,1.0,-3.7005091974577917,3.3624740414656418,44.0
660,1.0,-3.7005091974577917,3.3624740414656418,46.0
661,1.0,-3.7005091974577917,3.3624740414656418,48.0
662,1.0,-3.7005091974577917,3.3624740414656418,50.0
663,1.0,-4.295622899279723,2.558832528162729,-50.0
664,1.0,-4.295622899279723,2.558832528162729,-48.0
665,1.0,-4.295622899279723,2.558832528162729,-46.0
666,1.0,-4.295622899279723,2.558832528162729,-44.0
667,1.0,-4.295622899279723,2.558832528162729,-42.0
668,1.0,-4.295622899279723,2.558832528162729,-40.0
669,1.0,-4.295622899279723,2.558832528162729,-38.0
670,1.0,-4.295622899279723,2.558832528162729,-36.0
671,1.0,-4.295622899279723,2.558832528162729,-34.0
672,1.0,-4.295622899279723,2.558832528162729,-32.0
673,1.0,-4.295622899279723,2.558832528162729,-30.0
674,1.0,-4.295622899279723,2.558832528162729,-28.0
675,1.0,-4.295622899279723,2.558832528162729,-26.0
676,1.0,-4.295622899279723,2.558832528162729,-24.0
677,1.0,-4.295622899279723,2.558832528162729,-22.0
678,1.0,-4.295622899279723,2.558832528162729,-20.0
679,1.0,-4.295622899279723,2.558832528162729,-18.0
680,1.0,-4.295622899279723,2.558832528162729,-16.0
681,1.0,-4.295622899279723,2.558832528162729,-14.0
682,1.0,-4.295622899279723,2.558832528162729,-12.0
683,1.0,-4.295622899279723,2.558832528162729,-10.0
684,1.0,-4.295622899279723,2.558832528162729,-8.0
685,1.0,-4.295622899279723,2.558832528162729,-6.0
686,1.0,-4.295622899279723,2.558832528162729,-4.0
687,1.0,-4.295622899279723,2.558832528162729,-2.0
688,1.0,-4.295622899279723,2.558832528162729,0.0
689,1.0,-4.295622899279723,2.558832528162729,2.0
690,1.0,-4.295622899279723,2.558832528162729,4.0
691,1.0,-4.295622899279723,2.558832528162729,6.0
692,1.0,-4.295622899279723,2.558832528162729,8.0
693,1.0,-4.295622899279723,2.558832528162729,10.0
694,1.0,-4.295622899279723,2.558832528162729,12.0
695,1.0,-4.295622899279723,2.558832528162729,14.0
696,1.0,-4.295622899279723,2.558832528162729,16.0
697,1.0,-4.295622899279723,2.558832528162729,18.0
698,1.0,-4.295622899279723,2.558832528162729,20.0
699,1.0,-4.295622899279723,2.558832528162729,22.0
700,1.0,-4.295622899279723,2.558832528162729,24.0
701,1.0,-4.295622899279723,2.558832528162729,26.0
702,1.0,-4.295622899279723,2.558832528162729,28.0
703,1.0,-4.295622899279723,2.558832528162729,30.0
704,1.0,-4.295622899279723,2.558832528162729,32.0
705,1.0,-4.295622899279723,2.558832528162729,34.0
706,1.0,-4.295622899279723,2.558832528162729,36.0
707,1.0,-4.295622899279723,2.558832528162729,38.0
708,1.0,-4.295622899279723,2.558832528162729,40.0
709,1.0,-4.295622899279723,2.558832528162729,42.0
710,1.0,-4.295622899279723,2.558832528162729,44.0
711,1.0,-4.295622899279723,2.558832528162729,46.0
712,1.0,-4.295622899279723,2.558832528162729,48.0
713,1.0,-4.295622899279723,2.558832528162729,50.0
714,1.0,-4.718911685130466,1.6528377137333066,-50.0
715,1.0,-4.718911685130466,1.6528377137333066,-48.0
716,1.0,-4.718911685130466,1.6528377137333066,-46.0
717,1.0,-4.718911685130466,1.6528377137333066,-44.0
718,1.0,-4.718911685130466,1.6528377137333066,-42.0
719,1.0,-4.718911685130466,1.6528377137333066,-40.0
720,1.0,-4.718911685130466,1.6528377137333066,-38.0
721,1.0,-4.718911685130466,1.6528377137333066,-36.0
722,1.0,-4.718911685130466,1.6528377137333066,-34.0
723,1.0,-4.718911685130466,1.6528377137333066,-32.0
724,1.0,-4.718911685130466,1.6528377137333066,-30.0
725,1.0,-4.718911685130466,1.6528377137333066,-28.0
726,1.0,-4.718911685130466,1.6528377137333066,-26.0
727,1.0,-4.718911685130466,1.6528377137333066,-24.0
728,1.0,-4.718911685130466,1.6528377137333066,-22.0
729,1.0,-4.718911685130466,1.6528377137333066,-20.0
730,1.0,-4.718911685130466,1.6528377137333066,-18.0
731,1.0,-4.718911685130466,1.6528377137333066,-16.0
732,1.0,-4.718911685130466,1.6528377137333066,-14.0
733,1.0,-4.718911685130466,1.6528377137333066,-12.0
734,1.0,-4.718911685130466,1.6528377137333066,-10.0
735,1.0,-4.718911685130466,1.6528377137333066,-8.0
736,1.0,-4.718911685130466,1.6528377137333066,-6.0
737,1.0,-4.718911685130466,1.6528377137333066,-4.0
738,1.0,-4.718911685130466,1.6528377137333066,-2.0
739,1.0,-4.718911685130466,1.6528377137333066,0.0
740,1.0,-4.718911685130466,1.6528377137333066,2.0
741,1.0,-4.718911685130466,1.6528377137333066,4.0
742,1.0,-4.718911685130466,1.6528377137333066,6.0
743,1.0,-4.718911685130466,1.6528377137333066,8.0
744,1.0,-4.718911685130466,1.6528377137333066,10.0
745,1.0,-4.718911685130466,1.6528377137333066,12.0
746,1.0,-4.718911685130466,1.6528377137333066,14.0
747,1.0,-4.718911685130466,1.6528377137333066,16.0
748,1.0,-4.718911685130466,1.6528377137333066,18.0
749,1.0,-4.718911685130466,1.6528377137333066,20.0
750,1.0,-4.718911685130466,1.6528377137333066,22.0
751,1.0,-4.718911685130466,1.6528377137333066,24.0
752,1.0,-4.718911685130466,1.6528377137333066,26.0
753,1.0,-4.718911685130466,1.6528377137333066,28.0
754,1.0,-4.718911685130466,1.6528377137333066,30.0
755,1.0,-4.718911685130466,1.6528377137333066,32.0
756,1.0,-4.718911685130466,1.6528377137333066,34.0
757,1.0,-4.718911685130466,1.6528377137333066,36.0
758,1.0,-4.718911685130466,1.6528377137333066,38.0
759,1.0,-4.718911685130466,1.6528377137333066,40.0
760,1.0,-4.718911685130466,1.6528377137333066,42.0
761,1.0,-4.718911685130466,1.6528377137333066,44.0
762,1.0,-4.718911685130466,1.6528377137333066,46.0
763,1.0,-4.718911685130466,1.6528377137333066,48.0
764,1.0,-4.718911685130466,1.6528377137333066,50.0
765,1.0,-4.95344400357599,0.6807293907545524,-50.0
766,1.0,-4.95344400357599,0.6807293907545524,-48.0
767,1.0,-4.95344400357599,0.6807293907545524,-46.0
768,1.0,-4.95344400357599,0.6807293907545524,-44.0
769,1.0,-4.95344400357599,0.6807293907545524,-42.0
770,1.0,-4.95344400357599,0.6807293907545524,-40.0
771,1.0,-4.95344400357599,0.6807293907545524,-38.0
772,1.0,-4.95344400357599,0.6807293907545524,-36.0
773,1.0,-4.95344400357599,0.6807293907545524,-34.0
774,1.0,-4.95344400357599,0.6807293907545524,-32.0
775,1.0,-4.95344400357599,0.6807293907545524,-30.0
776,1.0,-4.95344400357599,0.6807293907545524,-28.0
777,1.0,-4.95344400357599,0.6807293907545524,-26.0
778,1.0,-4.95344400357599,0.6807293907545524,-24.0
779,1.0,-4.95344400357599,0.6807293907545524,-22.0
780,1.0,-4.95344400357599,0.6807293907545524,-20.0
781,1.0,-4.95344400357599,0.6807293907545524,-18.0
782,1.0,-4.95344400357599,0.6807293907545524,-16.0
783,1.0,-4.95344400357599,0.6807293907545524,-14.0
784,1.0,-4.95344400357599,0.6807293907545524,-12.0
785,1.0,-4.95344400357599,0.6807293907545524,-10.0
786,1.0,-4.95344400357599,0.6807293907545524,-8.0
787,1.0,-4.95344400357599,0.6807293907545524,-6.0
788,1.0,-4.95344400357599,0.6807293907545524,-4.0
789,1.0,-4.95344400357599,0.6807293907545524,-2.0
790,1.0,-4.95344400357599,0.6807293907545524,0.0
791,1.0,-4.95344400357599,0.6807293907545524,2.0
792,1.0,-4.95344400357599,0.6807293907545524,4.0
793,1.0,-4.95344400357599,0.6807293907545524,6.0
794,1.0,-4.95344400357599,0.6807293907545524,8.0
795,1.0,-4.95344400357599,0.6807293907545524,10.0
796,1.0,-4.95344400357599,0.6807293907545524,12.0
797,1.0,-4.95344400357599,0.6807293907545524,14.0
798,1.0,-4.95344400357599,0.6807293907545524,16.0
799,1.0,-4.95344400357599,0.6807293907545524,18.0
800,1.0,-4.95344400357599,0.6807293907545524,20.0
801,1.0,-4.95344400357599,0.6807293907545524,22.0
802,1.0,-4.95344400357599,0.6807293907545524,24.0
803,1.0,-4.95344400357599,0.6807293907545524,26.0
804,1.0,-4.95344400357599,0.6807293907545524,28.0
805,1.0,-4.95344400357599,0.6807293907545524,30.0
806,1.0,-4.95344400357599,0.6807293907545524,32.0
807,1.0,-4.95344400357599,0.6807293907545524,34.0
808,1.0,-4.95344400357599,0.6807293907545524,36.0
809,1.0,-4.95344400357599,0.6807293907545524,38.0
810,1.0,-4.95344400357599,0.6807293907545524,40.0
811,1.0,-4.95344400357599,0.6807293907545524,42.0
812,1.0,-4.95344400357599,0.6807293907545524,44.0
813,1.0,-4.95344400357599,0.6807293907545524,46.0
814,1.0,-4.95344400357599,0.6807293907545524,48.0
815,1.0,-4.95344400357599,0.6807293907545524,50.0
816,1.0,-4.989838561878475,-0.31860810785438404,-50.0
817,1.0,-4.989838561878475,-0.31860810785438404,-48.0
818,1.0,-4.989838561878475,-0.31860810785438404,-46.0
819,1.0,-4.989838561878475,-0.31860810785438404,-44.0
820,1.0,-4.989838561878475,-0.31860810785438404,-42.0
821,1.0,-4.989838561878475,-0.31860810785438404,-40.0
822,1.0,-4.989838561878475,-0.31860810785438404,-38.0
823,1.0,-4.989838561878475,-0.31860810785438404,-36.0
824,1.0,-4.989838561878475,-0.31860810785438404,-34.0
825,1.0,-4.989838561878475,-0.31860810785438404,-32.0
826,1.0,-4.989838561878475,-0.31860810785438404,-30.0
827,1.0,-4.989838561878475,-0.31860810785438404,-28.0
828,1.0,-4.989838561878475,-0.31860810785438404,-26.0
829,1.0,-4.989838561878475,-0.31860810785438404,-24.0
830,1.0,-4.989838561878475,-0.31860810785438404,-22.0
831,1.0,-4.989838561878475,-0.31860810785438404,-20.0
832,1.0,-4.989838561878475,-0.31860810785438404,-18.0
833,1.0,-4.989838561878475,-0.31860810785438404,-16.0
834,1.0,-4.989838561878475,-0.31860810785438404,-14.0
835,1.0,-4.989838561878475,-0.31860810785438404,-12.0
836,1.0,-4.989838561878475,-0.31860810785438404,-10.0
837,1.0,-4.989838561878475,-0.31860810785438404,-8.0
838,1.0,-4.989838561878475,-0.31860810785438404,-6.0
839,1.0,-4.989838561878475,-0.31860810785438404,-4.0
840,1.0,-4.989838561878475,-0.31860810785438404,-2.0
841,1.0,-4.989838561878475,-0.31860810785438404,0.0
842,1.0,-4.989838561878475,-0.31860810785438404,2.0
843,1.0,-4.989838561878475,-0.31860810785438404,4.0
844,1.0,-4.989838561878475,-0.31860810785438404,6.0
845,1.0,-4.989838561878475,-0.31860810785438404,8.0
846,1.0,-4.989838561878475,-0.31860810785438404,10.0
847,1.0,-4.989838561878475,-0.31860810785438404,12.0
848,1.0,-4.989838561878475,-0.31860810785438404,14.0
849,1.0,-4.989838561878475,-0.31860810785438404,16.0
850,1.0,-4.989838561878475,-0.31860810785438404,18.0
851,1.0,-4.989838561878475,-0.31860810785438404,20.0
852,1.0,-4.989838561878475,-0.31860810785438404,22.0
853,1.0,-4.989838561878475,-0.31860810785438404,24.0
854,1.0,-4.989838561878475,-0.31860810785438404,26.0
855,1.0,-4.989838561878475,-0.31860810785438404,28.0
856,1.0,-4.989838561878475,-0.31860810785438404,30.0
857,1.0,-4.989838561878475,-0.31860810785438404,32.0
858,1.0,-4.989838561878475,-0.31860810785438404,34.0
859,1.0,-4.989838561878475,-0.31860810785438404,36.0
860,1.0,-4.989838561878475,-0.31860810785438404,38.0
861,1.0,-4.989838561878475,-0.31860810785438404,40.0
862,1.0,-4.989838561878475,-0.31860810785438404,42.0
863,1.0,-4.989838561878475,-0.31860810785438404,44.0
864,1.0,-4.989838561878475,-0.31860810785438404,46.0
865,1.0,-4.989838561878475,-0.31860810785438404,48.0
866,1.0,-4.989838561878475,-0.31860810785438404,50.0
867,1.0,-4.826639577705821,-1.3052012821491452,-50.0
868,1.0,-4.826639577705821,-1.3052012821491452,-48.0
869,1.0,-4.826639577705821,-1.3052012821491452,-46.0
870,1.0,-4.826639577705821,-1.3052012821491452,-44.0
871,1.0,-4.826639577705821,-1.3052012821491452,-42.0
872,1.0,-4.826639577705821,-1.3052012821491452,-40.0
873,1.0,-4.826639577705821,-1.3052012821491452,-38.0
874,1.0,-4.826639577705821,-1.3052012821491452,-36.0
875,1.0,-4.826639577705821,-1.3052012821491452,-34.0
876,1.0,-4.826639577705821,-1.3052012821491452,-32.0
877,1.0,-4.826639577705821,-1.3052012821491452,-30.0
878,1.0,-4.826639577705821,-1.3052012821491452,-28.0
879,1.0,-4.826639577705821,-1.3052012821491452,-26.0
880,1.0,-4.826639577705821,-1.3052012821491452,-24.0
881,1.0,-4.826639577705821,-1.3052012821491452,-22.0
882,1.0,-4.826639577705821,-1.3052012821491452,-20.0
883,1.0,-4.826639577705821,-1.3052012821491452,-18.0
884,1.0,-4.826639577705821,-1.3052012821491452,-16.0
885,1.0,-4.826639577705821,-1.3052012821491452,-14.0
886,1.0,-4.826639577705821,-1.3052012821491452,-12.0
887,1.0,-4.826639577705821,-1.3052012821491452,-10.0
888,1.0,-4.826639577705821,-1.3052012821491452,-8.0
889,1.0,-4.826639577705821,-1.3052012821491452,-6.0
890,1.0,-4.826639577705821,-1.3052012821491452,-4.0
891,1.0,-4.826639577705821,-1.3052012821491452,-2.0
892,1.0,-4.826639577705821,-1.3052012821491452,0.0
893,1.0,-4.826639577705821,-1.3052012821491452,2.0
894,1.0,-4.826639577705821,-1.3052012821491452,4.0
895,1.0,-4.826639577705821,-1.3052012821491452,6.0
896,1.0,-4.826639577705821,-1.3052012821491452,8.0
897,1.0,-4.826639577705821,-1.3052012821491452,10.0
898,1.0,-4.826639577705821,-1.3052012821491452,12.0
899,1.0,-4.826639577705821,-1.3052012821491452,14.0
900,1.0,-4.826639577705821,-1.3052012821491452,16.0
901,1.0,-4.826639577705821,-1.3052012821491452,18.0
902,1.0,-4.826639577705821,-1.3052012821491452,20.0
903,1.0,-4.826639577705821,-1.3052012821491452,22.0
904,1.0,-4.826639577705821,-1.3052012821491452,24.0
905,1.0,-4.826639577705821,-1.3052012821491452,26.0
906,1.0,-4.826639577705821,-1.3052012821491452,28.0
907,1.0,-4.826639577705821,-1.3052012821491452,30.0
908,1.0,-4.826639577705821,-1.3052012821491452,32.0
909,1.0,-4.826639577705821,-1.3052012821491452,34.0
910,1.0,-4.826639577705821,-1.3052012821491452,36.0
911,1.0,-4.826639577705821,-1.3052012821491452,38.0
912,1.0,-4.826639577705821,-1.3052012821491452,40.0
913,1.0,-4.826639577705821,-1.3052012821491452,42.0
914,1.0,-4.826639577705821,-1.3052012821491452,44.0
915,1.0,-4.826639577705821,-1.3052012821491452,46.0
916,1.0,-4.826639577705821,-1.3052012821491452,48.0
917,1.0,-4.826639577705821,-1.3052012821491452,50.0
918,1.0,-4.4703750104249345,-2.2395864051579406,-50.0
919,1.0,-4.4703750104249345,-2.2395864051579406,-48.0
920,1.0,-4.4703750104249345,-2.2395864051579406,-46.0
921,1.0,-4.4703750104249345,-2.2395864051579406,-44.0
922,1.0,-4.4703750104249345,-2.2395864051579406,-42.0
923,1.0,-4.4703750104249345,-2.2395864051579406,-40.0
924,1.0,-4.4703750104249345,-2.2395864051579406,-38.0
925,1.0,-4.4703750104249345,-2.2395864051579406,-36.0
926,1.0,-4.4703750104249345,-2.2395864051579406,-34.0
927,1.0,-4.4703750104249345,-2.2395864051579406,-32.0
928,1.0,-4.4703750104249345,-2.2395864051579406,-30.0
929,1.0,-4.4703750104249345,-2.2395864051579406,-28.0
930,1.0,-4.4703750104249345,-2.2395864051579406,-26.0
931,1.0,-4.4703750104249345,-2.2395864051579406,-24.0
932,1.0,-4.4703750104249345,-2.2395864051579406,-22.0
933,1.0,-4.4703750104249345,-2.2395864051579406,-20.0
934,1.0,-4.4703750104249345,-2.2395864051579406,-18.0
935,1.0,-4.4703750104249345,-2.2395864051579406,-16.0
936,1.0,-4.4703750104249345,-2.2395864051579406,-14.0
937,1.0,-4.4703750104249345,-2.2395864051579406,-12.0
938,1.0,-4.4703750104249345,-2.2395864051579406,-10.0
939,1.0,-4.4703750104249345,-2.2395864051579406,-8.0
940,1.0,-4.4703750104249345,-2.2395864051579406,-6.0
941,1.0,-4.4703750104249345,-2.2395864051579406,-4.0
942,1.0,-4.4703750104249345,-2.2395864051579406,-2.0
943,1.0,-4.4703750104249345,-2.2395864051579406,0.0
944,1.0,-4.4703750104249345,-2.2395864051579406,2.0
945,1.0,-4.4703750104249345,-2.2395864051579406,4.0
946,1.0,-4.4703750104249345,-2.2395864051579406,6.0
947,1.0,-4.4703750104249345,-2.2395864051579406,8.0
948,1.0,-4.4703750104249345,-2.2395864051579406,10.0
949,1.0,-4.4703750104249345,-2.2395864051579406,12.0
950,1.0,-4.4703750104249345,-2.2395864051579406,14.0
951,1.0,-4.4703750104249345,-2.2395864051579406,16.0
952,1.0,-4.4703750104249345,-2.2395864051579406,18.0
953,1.0,-4.4703750104249345,-2.2395864051579406,20.0
954,1.0,-4.4703750104249345,-2.2395864051579406,22.0
955,1.0,-4.4703750104249345,-2.2395864051579406,24.0
956,1.0,-4.4703750104249345,-2.2395864051579406,26.0
957,1.0,-4.4703750104249345,-2.2395864051579406,28.0
958,1.0,-4.4703750104249345,-2.2395864051579406,30.0
959,1.0,-4.4703750104249345,-2.2395864051579406,32.0
960,1.0,-4.4703750104249345,-2.2395864051579406,34.0
961,1.0,-4.4703750104249345,-2.2395864051579406,36.0
962,1.0,-4.4703750104249345,-2.2395864051579406,38.0
963,1.0,-4.4703750104249345,-2.2395864051579406,40.0
964,1.0,-4.4703750104249345,-2.2395864051579406,42.0
965,1.0,-4.4703750104249345,-2.2395864051579406,44.0
966,1.0,-4.4703750104249345,-2.2395864051579406,46.0
967,1.0,-4.4703750104249345,-2.2395864051579406,48.0
968,1.0,-4.4703750104249345,-2.2395864051579406,50.0
969,1.0,-3.935295442727051,-3.084388071960418,-50.0
970,1.0,-3.935295442727051,-3.084388071960418,-48.0
971,1.0,-3.935295442727051,-3.084388071960418,-46.0
972,1.0,-3.935295442727051,-3.084388071960418,-44.0
973,1.0,-3.935295442727051,-3.084388071960418,-42.0
974,1.0,-3.935295442727051,-3.084388071960418,-40.0
975,1.0,-3.935295442727051,-3.084388071960418,-38.0
976,1.0,-3.935295442727051,-3.084388071960418,-36.0
977,1.0,-3.935295442727051,-3.084388071960418,-34.0
978,1.0,-3.935295442727051,-3.084388071960418,-32.0
979,1.0,-3.935295442727051,-3.084388071960418,-30.0
980,1.0,-3.935295442727051,-3.084388071960418,-28.0
981,1.0,-3.935295442727051,-3.084388071960418,-26.0
982,1.0,-3.935295442727051,-3.084388071960418,-24.0
983,1.0,-3.935295442727051,-3.084388071960418,-22.0
984,1.0,-3.935295442727051,-3.084388071960418,-20.0
985,1.0,-3.935295442727051,-3.084388071960418,-18.0
986,1.0,-3.935295442727051,-3.084388071960418,-16.0
987,1.0,-3.935295442727051,-3.084388071960418,-14.0
988,1.0,-3.935295442727051,-3.084388071960418,-12.0
989,1.0,-3.935295442727051,-3.084388071960418,-10.0
990,1.0,-3.935295442727051,-3.084388071960418,-8.0
991,1.0,-3.935295442727051,-3.084388071960418,-6.0
992,1.0,-3.935295442727051,-3.084388071960418,-4.0
993,1.0,-3.935295442727051,-3.084388071960418,-2.0
994,1.0,-3.935295442727051,-3.084388071960418,0.0
995,1.0,-3.935295442727051,-3.084388071960418,2.0
996,1.0,-3.935295442727051,-3.084388071960418,4.0
997,1.0,-3.935295442727051,-3.084388071960418,6.0
998,1.0,-3.935295442727051,-3.084388071960418,8.0
999,1.0,-3.935295442727051,-3.084388071960418,10.0
1000,1.0,-3.935295442727051,-3.084388071960418,12.0
1001,1.0,-3.935295442727051,-3.084388071960418,14.0
1002,1.0,-3.935295442727051,-3.084388071960418,16.0
1003,1.0,-3.935295442727051,-3.084388071960418,18.0
1004,1.0,-3.935295442727051,-3.084388071960418,20.0
1005,1.0,-3.935295442727051,-3.084388071960418,22.0
1006,1.0,-3.935295442727051,-3.084388071960418,24.0
1007,1.0,-3.935295442727051,-3.084388071960418,26.0
1008,1.0,-3.935295442727051,-3.084388071960418,28.0
1009,1.0,-3.935295442727051,-3.084388071960418,30.0
1010,1.0,-3.935295442727051,-3.084388071960418,32.0
1011,1.0,-3.935295442727051,-3.084388071960418,34.0
1012,1.0,-3.935295442727051,-3.084388071960418,36.0
1013,1.0,-3.935295442727051,-3.084388071960418,38.0
1014,1.0,-3.935295442727051,-3.084388071960418,40.0
1015,1.0,-3.935295442727051,-3.084388071960418,42.0
1016,1.0,-3.935295442727051,-3.084388071960418,44.0
1017,1.0,-3.935295442727051,-3.084388071960418,46.0
1018,1.0,-3.935295442727051,-3.084388071960418,48.0
1019,1.0,-3.935295442727051,-3.084388071960418,50.0
1020,1.0,-3.242804057320085,-3.8058142158844794,-50.0
1021,1.0,-3.242804057320085,-3.8058142158844794,-48.0
1022,1.0,-3.242804057320085,-3.8058142158844794,-46.0
1023,1.0,-3.242804057320085,-3.8058142158844794,-44.0
1024,1.0,-3.242804057320085,-3.8058142158844794,-42.0
1025,1.0,-3.242804057320085,-3.8058142158844794,-40.0
1026,1.0,-3.242804057320085,-3.8058142158844794,-38.0
1027,1.0,-3.242804057320085,-3.8058142158844794,-36.0
1028,1.0,-3.242804057320085,-3.8058142158844794,-34.0
1029,1.0,-3.242804057320085,-3.8058142158844794,-32.0
1030,1.0,-3.242804057320085,-3.8058142158844794,-30.0
1031,1.0,-3.242804057320085,-3.8058142158844794,-28.0
1032,1.0,-3.242804057320085,-3.8058142158844794,-26.0
1033,1.0,-3.242804057320085,-3.8058142158844794,-24.0
1034,1.0,-3.242804057320085,-3.8058142158844794,-22.0
1035,1.0,-3.242804057320085,-3.8058142158844794,-20.0
1036,1.0,-3.242804057320085,-3.8058142158844794,-18.0
1037,1.0,-3.242804057320085,-3.8058142158844794,-16.0
1038,1.0,-3.242804057320085,-3.8058142158844794,-14.0
1039,1.0,-3.242804057320085,-3.8058142158844794,-12.0
1040,1.0,-3.242804057320085,-3.8058142158844794,-10.0
1041,1.0,-3.242804057320085,-3.8058142158844794,-8.0
1042,1.0,-3.242804057320085,-3.8058142158844794,-6.0
1043,1.0,-3.242804057320085,-3.8058142158844794,-4.0
1044,1.0,-3.242804057320085,-3.8058142158844794,-2.0
1045,1.0,-3.242804057320085,-3.8058142158844794,0.0
1046,1.0,-3.242804057320085,-3.8058142158844794,2.0
1047,1.0,-3.242804057320085,-3.8058142158844794,4.0
1048,1.0,-3.242804057320085,-3.8058142158844794,6.0
1049,1.0,-3.242804057320085,-3.8058142158844794,8.0
1050,1.0,-3.242804057320085,-3.8058142158844794,10.0
1051,1.0,-3.242804057320085,-3.8058142158844794,12.0
1052,1.0,-3.242804057320085,-3.8058142158844794,14.0
1053,1.0,-3.242804057320085,-3.8058142158844794,16.0
1054,1.0,-3.242804057320085,-3.8058142158844794,18.0
1055,1.0,-3.242804057320085,-3.8058142158844794,20.0
1056,1.0,-3.242804057320085,-3.8058142158844794,22.0
1057,1.0,-3.242804057320085,-3.8058142158844794,24.0
1058,1.0,-3.242804057320085,-3.8058142158844794,26.0
1059,1.0,-3.242804057320085,-3.8058142158844794,28.0
1060,1.0,-3.242804057320085,-3.8058142158844794,30.0
1061,1.0,-3.242804057320085,-3.8058142158844794,32.0
1062,1.0,-3.242804057320085,-3.8058142158844794,34.0
1063,1.0,-3.242804057320085,-3.8058142158844794,36.0
1064,1.0,-3.242804057320085,-3.8058142158844794,38.0
1065,1.0,-3.242804057320085,-3.8058142158844794,40.0
1066,1.0,-3.242804057320085,-3.8058142158844794,42.0
1067,1.0,-3.242804057320085,-3.8058142158844794,44.0
1068,1.0,-3.242804057320085,-3.8058142158844794,46.0
1069,1.0,-3.242804057320085,-3.8058142158844794,48.0
1070,1.0,-3.242804057320085,-3.8058142158844794,50.0
1071,1.0,-2.420600509620316,-4.375007791173162,-50.0
1072,1.0,-2.420600509620316,-4.375007791173162,-48.0
1073,1.0,-2.420600509620316,-4.375007791173162,-46.0
1074,1.0,-2.420600509620316,-4.375007791173162,-44.0
1075,1.0,-2.420600509620316,-4.375007791173162,-42.0
1076,1.0,-2.420600509620316,-4.375007791173162,-40.0
1077,1.0,-2.420600509620316,-4.375007791173162,-38.0
1078,1.0,-2.420600509620316,-4.375007791173162,-36.0
1079,1.0,-2.420600509620316,-4.375007791173162,-34.0
1080,1.0,-2.420600509620316,-4.375007791173162,-32.0
1081,1.0,-2.420600509620316,-4.375007791173162,-30.0
1082,1.0,-2.420600509620316,-4.375007791173162,-28.0
1083,1.0,-2.420600509620316,-4.375007791173162,-26.0
1084,1.0,-2.420600509620316,-4.375007791173162,-24.0
1085,1.0,-2.420600509620316,-4.375007791173162,-22.0
1086,1.0,-2.420600509620316,-4.375007791173162,-20.0
1087,1.0,-2.420600509620316,-4.375007791173162,-18.0
1088,1.0,-2.420600509620316,-4.375007791173162,-16.0
1089,1.0,-2.420600509620316,-4.375007791173162,-14.0
1090,1.0,-2.420600509620316,-4.375007791173162,-12.0
1091,1.0,-2.420600509620316,-4.375007791173162,-10.0
1092,1.0,-2.420600509620316,-4.375007791173162,-8.0
1093,1.0,-2.420600509620316,-4.375007791173162,-6.0
1094,1.0,-2.420600509620316,-4.375007791173162,-4.0
1095,1.0,-2.420600509620316,-4.375007791173162,-2.0
1096,1.0,-2.420600509620316,-4.375007791173162,0.0
1097,1.0,-2.420600509620316,-4.375007791173162,2.0
1098,1.0,-2.420600509620316,-4.375007791173162,4.0
1099,1.0,-2.420600509620316,-4.375007791173162,6.0
1100,1.0,-2.420600509620316,-4.375007791173162,8.0
1101,1.0,-2.420600509620316,-4.375007791173162,10.0
1102,1.0,-2.420600509620316,-4.375007791173162,12.0
1103,1.0,-2.420600509620316,-4.375007791173162,14.0
1104,1.0,-2.420600509620316,-4.375007791173162,16.0
1105,1.0,-2.420600509620316,-4.375007791173162,18.0
1106,1.0,-2.420600509620316,-4.375007791173162,20.0
1107,1.0,-2.420600509620316,-4.375007791173162,22.0
1108,1.0,-2.420600509620316,-4.375007791173162,24.0
1109,1.0,-2.420600509620316,-4.375007791173162,26.0
1110,1.0,-2.420600509620316,-4.375007791173162,28.0
1111,1.0,-2.420600509620316,-4.375007791173162,30.0
1112,1.0,-2.420600509620316,-4.375007791173162,32.0
1113,1.0,-2.420600509620316,-4.375007791173162,34.0
1114,1.0,-2.420600509620316,-4.375007791173162,36.0
1115,1.0,-2.420600509620316,-4.375007791173162,38.0
1116,1.0,-2.420600509620316,-4.375007791173162,40.0
1117,1.0,-2.420600509620316,-4.375007791173162,42.0
1118,1.0,-2.420600509620316,-4.375007791173162,44.0
1119,1.0,-2.420600509620316,-4.375007791173162,46.0
1120,1.0,-2.420600509620316,-4.375007791173162,48.0
1121,1.0,-2.420600509620316,-4.375007791173162,50.0
1122,1.0,-1.5015729415357346,-4.769201054814918,-50.0
1123,1.0,-1.5015729415357346,-4.769201054814918,-48.0
1124,1.0,-1.5015729415357346,-4.769201054814918,-46.0
1125,1.0,-1.5015729415357346,-4.769201054814918,-44.0
1126,1.0,-1.5015729415357346,-4.769201054814918,-42.0
1127,1.0,-1.5015729415357346,-4.769201054814918,-40.0
1128,1.0,-1.5015729415357346,-4.769201054814918,-38.0
1129,1.0,-1.5015729415357346,-4.769201054814918,-36.0
1130,1.0,-1.5015729415357346,-4.769201054814918,-34.0
1131,1.0,-1.5015729415357346,-4.769201054814918,-32.0
1132,1.0,-1.5015729415357346,-4.769201054814918,-30.0
1133,1.0,-1.5015729415357346,-4.769201054814918,-28.0
1134,1.0,-1.5015729415357346,-4.769201054814918,-26.0
1135,1.0,-1.5015729415357346,-4.769201054814918,-24.0
1136,1.0,-1.5015729415357346,-4.769201054814918,-22.0
1137,1.0,-1.5015729415357346,-4.769201054814918,-20.0
1138,1.0,-1.5015729415357346,-4.769201054814918,-18.0
1139,1.0,-1.5015729415357346,-4.769201054814918,-16.0
1140,1.0,-1.5015729415357346,-4.769201054814918,-14.0
1141,1.0,-1.5015729415357346,-4.769201054814918,-12.0
1142,1.0,-1.5015729415357346,-4.769201054814918,-10.0
1143,1.0,-1.5015729415357346,-4.769201054814918,-8.0
1144,1.0,-1.5015729415357346,-4.769201054814918,-6.0
1145,1.0,-1.5015729415357346,-4.769201054814918,-4.0
1146,1.0,-1.5015729415357346,-4.769201054814918,-2.0
1147,1.0,-1.5015729415357346,-4.769201054814918,0.0
1148,1.0,-1.5015729415357346,-4.769201054814918,2.0
1149,1.0,-1.5015729415357346,-4.769201054814918,4.0
1150,1.0,-1.5015729415357346,-4.769201054814918,6.0
1151,1.0,-1.5015729415357346,-4.769201054814918,8.0
1152,1.0,-1.5015729415357346,-4.769201054814918,10.0
1153,1.0,-1.5015729415357346,-4.769201054814918,12.0
1154,1.0,-1.5015729415357346,-4.769201054814918,14.0
1155,1.0,-1.5015729415357346,-4.769201054814918,16.0
1156,1.0,-1.5015729415357346,-4.769201054814918,18.0
1157,1.0,-1.5015729415357346,-4.769201054814918,20.0
1158,1.0,-1.5015729415357346,-4.769201054814918,22.0
1159,1.0,-1.5015729415357346,-4.769201054814918,24.0
1160,1.0,-1.5015729415357346,-4.769201054814918,26.0
1161,1.0,-1.5015729415357346,-4.769201054814918,28.0
1162,1.0,-1.5015729415357346,-4.769201054814918,30.0
1163,1.0,-1.5015729415357346,-4.769201054814918,32.0
1164,1.0,-1.5015729415357346,-4.769201054814918,34.0
1165,1.0,-1.5015729415357346,-4.769201054814918,36.0
1166,1.0,-1.5015729415357346,-4.769201054814918,38.0
1167,1.0,-1.5015729415357346,-4.769201054814918,40.0
1168,1.0,-1.5015729415357346,-4.769201054814918,42.0
1169,1.0,-1.5015729415357346,-4.769201054814918,44.0
1170,1.0,-1.5015729415357346,-4.769201054814918,46.0
1171,1.0,-1.5015729415357346,-4.769201054814918,48.0
1172,1.0,-1.5015729415357346,-4.769201054814918,50.0
1173,1.0,-0.5224824557897236,-4.9726262762640765,-50.0
1174,1.0,-0.5224824557897236,-4.9726262762640765,-48.0
1175,1.0,-0.5224824557897236,-4.9726262762640765,-46.0
1176,1.0,-0.5224824557897236,-4.9726262762640765,-44.0
1177,1.0,-0.5224824557897236,-4.9726262762640765,-42.0
1178,1.0,-0.5224824557897236,-4.9726262762640765,-40.0
1179,1.0,-0.5224824557897236,-4.9726262762640765,-38.0
1180,1.0,-0.5224824557897236,-4.9726262762640765,-36.0
1181,1.0,-0.5224824557897236,-4.9726262762640765,-34.0
1182,1.0,-0.5224824557897236,-4.9726262762640765,-32.0
1183,1.0,-0.5224824557897236,-4.9726262762640765,-30.0
1184,1.0,-0.5224824557897236,-4.9726262762640765,-28.0
1185,1.0,-0.5224824557897236,-4.9726262762640765,-26.0
1186,1.0,-0.5224824557897236,-4.9726262762640765,-24.0
1187,1.0,-0.5224824557897236,-4.9726262762640765,-22.0
1188,1.0,-0.5224824557897236,-4.9726262762640765,-20.0
1189,1.0,-0.5224824557897236,-4.9726262762640765,-18.0
1190,1.0,-0.5224824557897236,-4.9726262762640765,-16.0
1191,1.0,-0.5224824557897236,-4.9726262762640765,-14.0
1192,1.0,-0.5224824557897236,-4.9726262762640765,-12.0
1193,1.0,-0.5224824557897236,-4.9726262762640765,-10.0
1194,1.0,-0.5224824557897236,-4.9726262762640765,-8.0
1195,1.0,-0.5224824557897236,-4.9726262762640765,-6.0
1196,1.0,-0.5224824557897236,-4.9726262762640765,-4.0
1197,1.0,-0.5224824557897236,-4.9726262762640765,-2.0
1198,1.0,-0.5224824557897236,-4.9726262762640765,0.0
1199,1.0,-0.5224824557897236,-4.9726262762640765,2.0
1200,1.0,-0.5224824557897236,-4.9726262762640765,4.0
1201,1.0,-0.5224824557897236,-4.9726262762640765,6.0
1202,1.0,-0.5224824557897236,-4.9726262762640765,8.0
1203,1.0,-0.5224824557897236,-4.9726262762640765,10.0
1204,1.0,-0.5224824557897236,-4.9726262762640765,12.0
1205,1.0,-0.5224824557897236,-4.9726262762640765,14.0
1206,1.0,-0.5224824557897236,-4.9726262762640765,16.0
1207,1.0,-0.5224824557897236,-4.9726262762640765,18.0
1208,1.0,-0.5224824557897236,-4.9726262762640765,20.0
1209,1.0,-0.5224824557897236,-4.9726262762640765,22.0
1210,1.0,-0.5224824557897236,-4.9726262762640765,24.0
1211,1.0,-0.5224824557897236,-4.9726262762640765,26.0
1212,1.0,-0.5224824557897236,-4.9726262762640765,28.0
1213,1.0,-0.5224824557897236,-4.9726262762640765,30.0
1214,1.0,-0.5224824557897236,-4.9726262762640765,32.0
1215,1.0,-0.5224824557897236,-4.9726262762640765,34.0
1216,1.0,-0.5224824557897236,-4.9726262762640765,36.0
1217,1.0,-0.5224824557897236,-4.9726262762640765,38.0
1218,1.0,-0.5224824557897236,-4.9726262762640765,40.0
1219,1.0,-0.5224824557897236,-4.9726262762640765,42.0
1220,1.0,-0.5224824557897236,-4.9726262762640765,44.0
1221,1.0,-0.5224824557897236,-4.9726262762640765,46.0
1222,1.0,-0.5224824557897236,-4.9726262762640765,48.0
1223,1.0,-0.5224824557897236,-4.9726262762640765,50.0
1224,1.0,0.4775073281878761,-4.977146446662673,-50.0
1225,1.0,0.4775073281878761,-4.977146446662673,-48.0
1226,1.0,0.4775073281878761,-4.977146446662673,-46.0
1227,1.0,0.4775073281878761,-4.977146446662673,-44.0
1228,1.0,0.4775073281878761,-4.977146446662673,-42.0
1229,1.0,0.4775073281878761,-4.977146446662673,-40.0
1230,1.0,0.4775073281878761,-4.977146446662673,-38.0
1231,1.0,0.4775073281878761,-4.977146446662673,-36.0
1232,1.0,0.4775073281878761,-4.977146446662673,-34.0
1233,1.0,0.4775073281878761,-4.977146446662673,-32.0
1234,1.0,0.4775073281878761,-4.977146446662673,-30.0
1235,1.0,0.4775073281878761,-4.977146446662673,-28.0
1236,1.0,0.4775073281878761,-4.977146446662673,-26.0
1237,1.0,0.4775073281878761,-4.977146446662673,-24.0
1238,1.0,0.4775073281878761,-4.977146446662673,-22.0
1239,1.0,0.4775073281878761,-4.977146446662673,-20.0
1240,1.0,0.4775073281878761,-4.977146446662673,-18.0
1241,1.0,0.4775073281878761,-4.977146446662673,-16.0
1242,1.0,0.4775073281878761,-4.977146446662673,-14.0
1243,1.0,0.4775073281878761,-4.977146446662673,-12.0
1244,1.0,0.4775073281878761,-4.977146446662673,-10.0
1245,1.0,0.4775073281878761,-4.977146446662673,-8.0
1246,1.0,0.4775073281878761,-4.977146446662673,-6.0
1247,1.0,0.4775073281878761,-4.977146446662673,-4.0
1248,1.0,0.4775073281878761,-4.977146446662673,-2.0
1249,1.0,0.4775073281878761,-4.977146446662673,0.0
1250,1.0,0.4775073281878761,-4.977146446662673,2.0
1251,1.0,0.4775073281878761,-4.977146446662673,4.0
1252,1.0,0.4775073281878761,-4.977146446662673,6.0
1253,1.0,0.4775073281878761,-4.977146446662673,8.0
1254,1.0,0.4775073281878761,-4.977146446662673,10.0
1255,1.0,0.4775073281878761,-4.977146446662673,12.0
1256,1.0,0.4775073281878761,-4.977146446662673,14.0
1257,1.0,0.4775073281878761,-4.977146446662673,16.0
1258,1.0,0.4775073281878761,-4.977146446662673,18.0
1259,1.0,0.4775073281878761,-4.977146446662673,20.0
1260,1.0,0.4775073281878761,-4.977146446662673,22.0
1261,1.0,0.4775073281878761,-4.977146446662673,24.0
1262,1.0,0.4775073281878761,-4.977146446662673,26.0
1263,1.0,0.4775073281878761,-4.977146446662673,28.0
1264,1.0,0.4775073281878761,-4.977146446662673,30.0
1265,1.0,0.4775073281878761,-4.977146446662673,32.0
1266,1.0,0.4775073281878761,-4.977146446662673,34.0
1267,1.0,0.4775073281878761,-4.977146446662673,36.0
1268,1.0,0.4775073281878761,-4.977146446662673,38.0
1269,1.0,0.4775073281878761,-4.977146446662673,40.0
1270,1.0,0.4775073281878761,-4.977146446662673,42.0
1271,1.0,0.4775073281878761,-4.977146446662673,44.0
1272,1.0,0.4775073281878761,-4.977146446662673,46.0
1273,1.0,0.4775073281878761,-4.977146446662673,48.0
1274,1.0,0.4775073281878761,-4.977146446662673,50.0
1275,1.0,1.458396819037961,-4.782580759194763,-50.0
1276,1.0,1.458396819037961,-4.782580759194763,-48.0
1277,1.0,1.458396819037961,-4.782580759194763,-46.0
1278,1.0,1.458396819037961,-4.782580759194763,-44.0
1279,1.0,1.458396819037961,-4.782580759194763,-42.0
1280,1.0,1.458396819037961,-4.782580759194763,-40.0
1281,1.0,1.458396819037961,-4.782580759194763,-38.0
1282,1.0,1.458396819037961,-4.782580759194763,-36.0
1283,1.0,1.458396819037961,-4.782580759194763,-34.0
1284,1.0,1.458396819037961,-4.782580759194763,-32.0
1285,1.0,1.458396819037961,-4.782580759194763,-30.0
1286,1.0,1.458396819037961,-4.782580759194763,-28.0
1287,1.0,1.458396819037961,-4.782580759194763,-26.0
1288,1.0,1.458396819037961,-4.782580759194763,-24.0
1289,1.0,1.458396819037961,-4.782580759194763,-22.0
1290,1.0,1.458396819037961,-4.782580759194763,-20.0
1291,1.0,1.458396819037961,-4.782580759194763,-18.0
1292,1.0,1.458396819037961,-4.782580759194763,-16.0
1293,1.0,1.458396819037961,-4.782580759194763,-14.0
1294,1.0,1.458396819037961,-4.782580759194763,-12.0
1295,1.0,1.458396819037961,-4.782580759194763,-10.0
1296,1.0,1.458396819037961,-4.782580759194763,-8.0
1297,1.0,1.458396819037961,-4.782580759194763,-6.0
1298,1.0,1.458396819037961,-4.782580759194763,-4.0
1299,1.0,1.458396819037961,-4.782580759194763,-2.0
1300,1.0,1.458396819037961,-4.782580759194763,0.0
1301,1.0,1.458396819037961,-4.782580759194763,2.0
1302,1.0,1.458396819037961,-4.782580759194763,4.0
1303,1.0,1.458396819037961,-4.782580759194763,6.0
1304,1.0,1.458396819037961,-4.782580759194763,8.0
1305,1.0,1.458396819037961,-4.782580759194763,10.0
1306,1.0,1.458396819037961,-4.782580759194763,12.0
1307,1.0,1.458396819037961,-4.782580759194763,14.0
1308,1.0,1.458396819037961,-4.782580759194763,16.0
1309,1.0,1.458396819037961,-4.782580759194763,18.0
1310,1.0,1.458396819037961,-4.782580759194763,20.0
1311,1.0,1.458396819037961,-4.782580759194763,22.0
1312,1.0,1.458396819037961,-4.782580759194763,24.0
1313,1.0,1.458396819037961,-4.782580759194763,26.0
1314,1.0,1.458396819037961,-4.782580759194763,28.0
1315,1.0,1.458396819037961,-4.782580759194763,30.0
1316,1.0,1.458396819037961,-4.782580759194763,32.0
1317,1.0,1.458396819037961,-4.782580759194763,34.0
1318,1.0,1.458396819037961,-4.782580759194763,36.0
1319,1.0,1.458396819037961,-4.782580759194763,38.0
1320,1.0,1.458396819037961,-4.782580759194763,40.0
1321,1.0,1.458396819037961,-4.782580759194763,42.0
1322,1.0,1.458396819037961,-4.782580759194763,44.0
1323,1.0,1.458396819037961,-4.782580759194763,46.0
1324,1.0,1.458396819037961,-4.782580759194763,48.0
1325,1.0,1.458396819037961,-4.782580759194763,50.0
1326,1.0,2.3809504371265273,-4.396711841359063,-50.0
1327,1.0,2.3809504371265273,-4.396711841359063,-48.0
1328,1.0,2.3809504371265273,-4.396711841359063,-46.0
1329,1.0,2.3809504371265273,-4.396711841359063,-44.0
1330,1.0,2.3809504371265273,-4.396711841359063,-42.0
1331,1.0,2.3809504371265273,-4.396711841359063,-40.0
1332,1.0,2.3809504371265273,-4.396711841359063,-38.0
1333,1.0,2.3809504371265273,-4.396711841359063,-36.0
1334,1.0,2.3809504371265273,-4.396711841359063,-34.0
1335,1.0,2.3809504371265273,-4.396711841359063,-32.0
1336,1.0,2.3809504371265273,-4.396711841359063,-30.0
1337,1.0,2.3809504371265273,-4.396711841359063,-28.0
1338,1.0,2.3809504371265273,-4.396711841359063,-26.0
1339,1.0,2.3809504371265273,-4.396711841359063,-24.0
1340,1.0,2.3809504371265273,-4.396711841359063,-22.0
1341,1.0,2.3809504371265273,-4.396711841359063,-20.0
1342,1.0,2.3809504371265273,-4.396711841359063,-18.0
1343,1.0,2.3809504371265273,-4.396711841359063,-16.0
1344,1.0,2.3809504371265273,-4.396711841359063,-14.0
1345,1.0,2.3809504371265273,-4.396711841359063,-12.0
1346,1.0,2.3809504371265273,-4.396711841359063,-10.0
1347,1.0,2.3809504371265273,-4.396711841359063,-8.0
1348,1.0,2.3809504371265273,-4.396711841359063,-6.0
1349,1.0,2.3809504371265273,-4.396711841359063,-4.0
1350,1.0,2.3809504371265273,-4.396711841359063,-2.0
1351,1.0,2.3809504371265273,-4.396711841359063,0.0
1352,1.0,2.3809504371265273,-4.396711841359063,2.0
1353,1.0,2.3809504371265273,-4.396711841359063,4.0
1354,1.0,2.3809504371265273,-4.396711841359063,6.0
1355,1.0,2.3809504371265273,-4.396711841359063,8.0
1356,1.0,2.3809504371265273,-4.396711841359063,10.0
1357,1.0,2.3809504371265273,-4.396711841359063,12.0
1358,1.0,2.3809504371265273,-4.396711841359063,14.0
1359,1.0,2.3809504371265273,-4.396711841359063,16.0
1360,1.0,2.3809504371265273,-4.396711841359063,18.0
1361,1.0,2.3809504371265273,-4.396711841359063,20.0
1362,1.0,2.3809504371265273,-4.396711841359063,22.0
1363,1.0,2.3809504371265273,-4.396711841359063,24.0
1364,1.0,2.3809504371265273,-4.396711841359063,26.0
1365,1.0,2.3809504371265273,-4.396711841359063,28.0
1366,1.0,2.3809504371265273,-4.396711841359063,30.0
1367,1.0,2.3809504371265273,-4.396711841359063,32.0
1368,1.0,2.3809504371265273,-4.396711841359063,34.0
1369,1.0,2.3809504371265273,-4.396711841359063,36.0
1370,1.0,2.3809504371265273,-4.396711841359063,38.0
1371,1.0,2.3809504371265273,-4.396711841359063,40.0
1372,1.0,2.3809504371265273,-4.396711841359063,42.0
1373,1.0,2.3809504371265273,-4.396711841359063,44.0
1374,1.0,2.3809504371265273,-4.396711841359063,46.0
1375,1.0,2.3809504371265273,-4.396711841359063,48.0
1376,1.0,2.3809504371265273,-4.396711841359063,50.0
1377,1.0,3.2082660377300325,-3.8349744498689997,-50.0
1378,1.0,3.2082660377300325,-3.8349744498689997,-48.0
1379,1.0,3.2082660377300325,-3.8349744498689997,-46.0
1380,1.0,3.2082660377300325,-3.8349744498689997,-44.0
1381,1.0,3.2082660377300325,-3.8349744498689997,-42.0
1382,1.0,3.2082660377300325,-3.8349744498689997,-40.0
1383,1.0,3.2082660377300325,-3.8349744498689997,-38.0
1384,1.0,3.2082660377300325,-3.8349744498689997,-36.0
1385,1.0,3.2082660377300325,-3.8349744498689997,-34.0
1386,1.0,3.2082660377300325,-3.8349744498689997,-32.0
1387,1.0,3.2082660377300325,-3.8349744498689997,-30.0
1388,1.0,3.2082660377300325,-3.8349744498689997,-28.0
1389,1.0,3.2082660377300325,-3.8349744498689997,-26.0
1390,1.0,3.2082660377300325,-3.8349744498689997,-24.0
1391,1.0,3.2082660377300325,-3.8349744498689997,-22.0
1392,1.0,3.2082660377300325,-3.8349744498689997,-20.0
1393,1.0,3.2082660377300325,-3.8349744498689997,-18.0
1394,1.0,3.2082660377300325,-3.8349744498689997,-16.0
1395,1.0,3.2082660377300325,-3.8349744498689997,-14.0
1396,1.0,3.2082660377300325,-3.8349744498689997,-12.0
1397,1.0,3.2082660377300325,-3.8349744498689997,-10.0
1398,1.0,3.2082660377300325,-3.8349744498689997,-8.0
1399,1.0,3.2082660377300325,-3.8349744498689997,-6.0
1400,1.0,3.2082660377300325,-3.8349744498689997,-4.0
1401,1.0,3.2082660377300325,-3.8349744498689997,-2.0
1402,1.0,3.2082660377300325,-3.8349744498689997,0.0
1403,1.0,3.2082660377300325,-3.8349744498689997,2.0
1404,1.0,3.2082660377300325,-3.8349744498689997,4.0
1405,1.0,3.2082660377300325,-3.8349744498689997,6.0
1406,1.0,3.2082660377300325,-3.8349744498689997,8.0
1407,1.0,3.2082660377300325,-3.8349744498689997,10.0
1408,1.0,3.2082660377300325,-3.8349744498689997,12.0
1409,1.0,3.2082660377300325,-3.8349744498689997,14.0
1410,1.0,3.2082660377300325,-3.8349744498689997,16.0
1411,1.0,3.2082660377300325,-3.8349744498689997,18.0
1412,1.0,3.2082660377300325,-3.8349744498689997,20.0
1413,1.0,3.2082660377300325,-3.8349744498689997,22.0
1414,1.0,3.2082660377300325,-3.8349744498689997,24.0
1415,1.0,3.2082660377300325,-3.8349744498689997,26.0
1416,1.0,3.2082660377300325,-3.8349744498689997,28.0
1417,1.0,3.2082660377300325,-3.8349744498689997,30.0
1418,1.0,3.2082660377300325,-3.8349744498689997,32.0
1419,1.0,3.2082660377300325,-3.8349744498689997,34.0
1420,1.0,3.2082660377300325,-3.8349744498689997,36.0
1421,1.0,3.2082660377300325,-3.8349744498689997,38.0
1422,1.0,3.2082660377300325,-3.8349744498689997,40.0
1423,1.0,3.2082660377300325,-3.8349744498689997,42.0
1424,1.0,3.2082660377300325,-3.8349744498689997,44.0
1425,1.0,3.2082660377300325,-3.8349744498689997,46.0
1426,1.0,3.2082660377300325,-3.8349744498689997,48.0
1427,1.0,3.2082660377300325,-3.8349744498689997,50.0
1428,1.0,3.9072509968243367,-3.1198380803841768,-50.0
1429,1.0,3.9072509968243367,-3.1198380803841768,-48.0
1430,1.0,3.9072509968243367,-3.1198380803841768,-46.0
1431,1.0,3.9072509968243367,-3.1198380803841768,-44.0
1432,1.0,3.9072509968243367,-3.1198380803841768,-42.0
1433,1.0,3.9072509968243367,-3.1198380803841768,-40.0
1434,1.0,3.9072509968243367,-3.1198380803841768,-38.0
1435,1.0,3.9072509968243367,-3.1198380803841768,-36.0
1436,1.0,3.9072509968243367,-3.1198380803841768,-34.0
1437,1.0,3.9072509968243367,-3.1198380803841768,-32.0
1438,1.0,3.9072509968243367,-3.1198380803841768,-30.0
1439,1.0,3.9072509968243367,-3.1198380803841768,-28.0
1440,1.0,3.9072509968243367,-3.1198380803841768,-26.0
1441,1.0,3.9072509968243367,-3.1198380803841768,-24.0
1442,1.0,3.9072509968243367,-3.1198380803841768,-22.0
1443,1.0,3.9072509968243367,-3.1198380803841768,-20.0
1444,1.0,3.9072509968243367,-3.1198380803841768,-18.0
1445,1.0,3.9072509968243367,-3.1198380803841768,-16.0
1446,1.0,3.9072509968243367,-3.1198380803841768,-14.0
1447,1.0,3.9072509968243367,-3.1198380803841768,-12.0
1448,1.0,3.9072509968243367,-3.1198380803841768,-10.0
1449,1.0,3.9072509968243367,-3.1198380803841768,-8.0
1450,1.0,3.9072509968243367,-3.1198380803841768,-6.0
1451,1.0,3.9072509968243367,-3.1198380803841768,-4.0
1452,1.0,3.9072509968243367,-3.1198380803841768,-2.0
1453,1.0,3.9072509968243367,-3.1198380803841768,0.0
1454,1.0,3.9072509968243367,-3.1198380803841768,2.0
1455,1.0,3.9072509968243367,-3.1198380803841768,4.0
1456,1.0,3.9072509968243367,-3.1198380803841768,6.0
1457,1.0,3.9072509968243367,-3.1198380803841768,8.0
1458,1.0,3.9072509968243367,-3.1198380803841768,10.0
1459,1.0,3.9072509968243367,-3.1198380803841768,12.0
1460,1.0,3.9072509968243367,-3.1198380803841768,14.0
1461,1.0,3.9072509968243367,-3.1198380803841768,16.0
1462,1.0,3.9072509968243367,-3.1198380803841768,18.0
1463,1.0,3.9072509968243367,-3.1198380803841768,20.0
1464,1.0,3.9072509968243367,-3.1198380803841768,22.0
1465,1.0,3.9072509968243367,-3.1198380803841768,24.0
1466,1.0,3.9072509968243367,-3.1198380803841768,26.0
1467,1.0,3.9072509968243367,-3.1198380803841768,28.0
1468,1.0,3.9072509968243367,-3.1198380803841768,30.0
1469,1.0,3.9072509968243367,-3.1198380803841768,32.0
1470,1.0,3.9072509968243367,-3.1198380803841768,34.0
1471,1.0,3.9072509968243367,-3.1198380803841768,36.0
1472,1.0,3.9072509968243367,-3.1198380803841768,38.0
1473,1.0,3.9072509968243367,-3.1198380803841768,40.0
1474,1.0,3.9072509968243367,-3.1198380803841768,42.0
1475,1.0,3.9072509968243367,-3.1198380803841768,44.0
1476,1.0,3.9072509968243367,-3.1198380803841768,46.0
1477,1.0,3.9072509968243367,-3.1198380803841768,48.0
1478,1.0,3.9072509968243367,-3.1198380803841768,50.0
1479,1.0,4.449945916045667,-2.2799081876839873,-50.0
1480,1.0,4.449945916045667,-2.2799081876839873,-48.0
1481,1.0,4.449945916045667,-2.2799081876839873,-46.0
1482,1.0,4.449945916045667,-2.2799081876839873,-44.0
1483,1.0,4.449945916045667,-2.2799081876839873,-42.0
1484,1.0,4.449945916045667,-2.2799081876839873,-40.0
1485,1.0,4.449945916045667,-2.2799081876839873,-38.0
1486,1.0,4.449945916045667,-2.2799081876839873,-36.0
1487,1.0,4.449945916045667,-2.2799081876839873,-34.0
1488,1.0,4.449945916045667,-2.2799081876839873,-32.0
1489,1.0,4.449945916045667,-2.2799081876839873,-30.0
1490,1.0,4.449945916045667,-2.2799081876839873,-28.0
1491,1.0,4.449945916045667,-2.2799081876839873,-26.0
1492,1.0,4.449945916045667,-2.2799081876839873,-24.0
1493,1.0,4.449945916045667,-2.2799081876839873,-22.0
1494,1.0,4.449945916045667,-2.2799081876839873,-20.0
1495,1.0,4.449945916045667,-2.2799081876839873,-18.0
1496,1.0,4.449945916045667,-2.2799081876839873,-16.0
1497,1.0,4.449945916045667,-2.2799081876839873,-14.0
1498,1.0,4.449945916045667,-2.2799081876839873,-12.0
1499,1.0,4.449945916045667,-2.2799081876839873,-10.0
1500,1.0,4.449945916045667,-2.2799081876839873,-8.0
1501,1.0,4.449945916045667,-2.2799081876839873,-6.0
1502,1.0,4.449945916045667,-2.2799081876839873,-4.0
1503,1.0,4.449945916045667,-2.2799081876839873,-2.0
1504,1.0,4.449945916045667,-2.2799081876839873,0.0
1505,1.0,4.449945916045667,-2.2799081876839873,2.0
1506,1.0,4.449945916045667,-2.2799081876839873,4.0
1507,1.0,4.449945916045667,-2.2799081876839873,6.0
1508,1.0,4.449945916045667,-2.2799081876839873,8.0
1509,1.0,4.449945916045667,-2.2799081876839873,10.0
1510,1.0,4.449945916045667,-2.2799081876839873,12.0
1511,1.0,4.449945916045667,-2.2799081876839873,14.0
1512,1.0,4.449945916045667,-2.2799081876839873,16.0
1513,1.0,4.449945916045667,-2.2799081876839873,18.0
1514,1.0,4.449945916045667,-2.2799081876839873,20.0
1515,1.0,4.449945916045667,-2.2799081876839873,22.0
1516,1.0,4.449945916045667,-2.2799081876839873,24.0
1517,1.0,4.449945916045667,-2.2799081876839873,26.0
1518,1.0,4.449945916045667,-2.2799081876839873,28.0
1519,1.0,4.449945916045667,-2.2799081876839873,30.0
1520,1.0,4.449945916045667,-2.2799081876839873,32.0
1521,1.0,4.449945916045667,-2.2799081876839873,34.0
1522,1.0,4.449945916045667,-2.2799081876839873,36.0
1523,1.0,4.449945916045667,-2.2799081876839873,38.0
1524,1.0,4.449945916045667,-2.2799081876839873,40.0
1525,1.0,4.449945916045667,-2.2799081876839873,42.0
1526,1.0,4.449945916045667,-2.2799081876839873,44.0
1527,1.0,4.449945916045667,-2.2799081876839873,46.0
1528,1.0,4.449945916045667,-2.2799081876839873,48.0
1529,1.0,4.449945916045667,-2.2799081876839873,50.0
1530,1.0,4.814642998625172,-1.3487819674764383,-50.0
1531,1.0,4.814642998625172,-1.3487819674764383,-48.0
1532,1.0,4.814642998625172,-1.3487819674764383,-46.0
1533,1.0,4.814642998625172,-1.3487819674764383,-44.0
1534,1.0,4.814642998625172,-1.3487819674764383,-42.0
1535,1.0,4.814642998625172,-1.3487819674764383,-40.0
1536,1.0,4.814642998625172,-1.3487819674764383,-38.0
1537,1.0,4.814642998625172,-1.3487819674764383,-36.0
1538,1.0,4.814642998625172,-1.3487819674764383,-34.0
1539,1.0,4.814642998625172,-1.3487819674764383,-32.0
1540,1.0,4.814642998625172,-1.3487819674764383,-30.0
1541,1.0,4.814642998625172,-1.3487819674764383,-28.0
1542,1.0,4.814642998625172,-1.3487819674764383,-26.0
1543,1.0,4.814642998625172,-1.3487819674764383,-24.0
1544,1.0,4.814642998625172,-1.3487819674764383,-22.0
1545,1.0,4.814642998625172,-1.3487819674764383,-20.0
1546,1.0,4.814642998625172,-1.3487819674764383,-18.0
1547,1.0,4.814642998625172,-1.3487819674764383,-16.0
1548,1.0,4.814642998625172,-1.3487819674764383,-14.0
1549,1.0,4.814642998625172,-1.3487819674764383,-12.0
1550,1.0,4.814642998625172,-1.3487819674764383,-10.0
1551,1.0,4.814642998625172,-1.3487819674764383,-8.0
1552,1.0,4.814642998625172,-1.3487819674764383,-6.0
1553,1.0,4.814642998625172,-1.3487819674764383,-4.0
1554,1.0,4.814642998625172,-1.3487819674764383,-2.0
1555,1.0,4.814642998625172,-1.3487819674764383,0.0
1556,1.0,4.814642998625172,-1.3487819674764383,2.0
1557,1.0,4.814642998625172,-1.3487819674764383,4.0
1558,1.0,4.814642998625172,-1.3487819674764383,6.0
1559,1.0,4.814642998625172,-1.3487819674764383,8.0
1560,1.0,4.814642998625172,-1.3487819674764383,10.0
1561,1.0,4.814642998625172,-1.3487819674764383,12.0
1562,1.0,4.814642998625172,-1.3487819674764383,14.0
1563,1.0,4.814642998625172,-1.3487819674764383,16.0
1564,1.0,4.814642998625172,-1.3487819674764383,18.0
1565,1.0,4.814642998625172,-1.3487819674764383,20.0
1566,1.0,4.814642998625172,-1.3487819674764383,22.0
1567,1.0,4.814642998625172,-1.3487819674764383,24.0
1568,1.0,4.814642998625172,-1.3487819674764383,26.0
1569,1.0,4.814642998625172,-1.3487819674764383,28.0
1570,1.0,4.814642998625172,-1.3487819674764383,30.0
1571,1.0,4.814642998625172,-1.3487819674764383,32.0
1572,1.0,4.814642998625172,-1.3487819674764383,34.0
1573,1.0,4.814642998625172,-1.3487819674764383,36.0
1574,1.0,4.814642998625172,-1.3487819674764383,38.0
1575,1.0,4.814642998625172,-1.3487819674764383,40.0
1576,1.0,4.814642998625172,-1.3487819674764383,42.0
1577,1.0,4.814642998625172,-1.3487819674764383,44.0
1578,1.0,4.814642998625172,-1.3487819674764383,46.0
1579,1.0,4.814642998625172,-1.3487819674764383,48.0
1580,1.0,4.814642998625172,-1.3487819674764383,50.0
1581,2.0,-40.0,-40.0,-50.0
1582,2.0,-40.0,-40.0,50.0
1583,2.0,-40.0,-35.0,-50.0
1584,2.0,-40.0,-35.0,50.0
1585,2.0,-40.0,-30.0,-50.0
1586,2.0,-40.0,-30.0,50.0
1587,2.0,-40.0,-25.0,-50.0
1588,2.0,-40.0,-25.0,50.0
1589,2.0,-40.0,-20.0,-50.0
1590,2.0,-40.0,-20.0,50.0
1591,2.0,-40.0,-15.0,-50.0
1592,2.0,-40.0,-15.0,50.0
1593,2.0,-40.0,-10.0,-50.0
1594,2.0,-40.0,-10.0,50.0
1595,2.0,-40.0,-5.0,-50.0
1596,2.0,-40.0,-5.0,50.0
1597,2.0,-40.0,0.0,-50.0
1598,2.0,-40.0,0.0,50.0
1599,2.0,-40.0,5.0,-50.0
1600,2.0,-40.0,5.0,50.0
1601,2.0,-40.0,10.0,-50.0
1602,2.0,-40.0,10.0,50.0
1603,2.0,-40.0,15.0,-50.0
1604,2.0,-40.0,15.0,50.0
1605,2.0,-40.0,20.0,-50.0
1606,2.0,-40.0,20.0,50.0
1607,2.0,-40.0,25.0,-50.0
1608,2.0,-40.0,25.0,50.0
1609,2.0,-40.0,30.0,-50.0
1610,2.0,-40.0,30.0,50.0
1611,2.0,-40.0,35.0,-50.0
1612,2.0,-40.0,35.0,50.0
1613,2.0,-40.0,40.0,-50.0
1614,2.0,-40.0,40.0,50.0
1615,2.0,-35.0,-40.0,-50.0
1616,2.0,-35.0,-40.0,50.0
1617,2.0,-35.0,-35.0,-50.0
1618,2.0,-35.0,-35.0,50.0
1619,2.0,-35.0,-30.0,-50.0
1620,2.0,-35.0,-30.0,50.0
1621,2.0,-35.0,-25.0,-50.0
1622,2.0,-35.0,-25.0,50.0
1623,2.0,-35.0,-20.0,-50.0
1624,2.0,-35.0,-20.0,50.0
1625,2.0,-35.0,-15.0,-50.0
1626,2.0,-35.0,-15.0,50.0
1627,2.0,-35.0,-10.0,-50.0
1628,2.0,-35.0,-10.0,50.0
1629,2.0,-35.0,-5.0,-50.0
1630,2.0,-35.0,-5.0,50.0
1631,2.0,-35.0,0.0,-50.0
1632,2.0,-35.0,0.0,50.0
1633,2.0,-35.0,5.0,-50.0
1634,2.0,-35.0,5.0,50.0
1635,2.0,-35.0,10.0,-50.0
1636,2.0,-35.0,10.0,50.0
1637,2.0,-35.0,15.0,-50.0
1638,2.0,-35.0,15.0,50.0
1639,2.0,-35.0,20.0,-50.0
1640,2.0,-35.0,20.0,50.0
1641,2.0,-35.0,25.0,-50.0
1642,2.0,-35.0,25.0,50.0
1643,2.0,-35.0,30.0,-50.0
1644,2.0,-35.0,30.0,50.0
1645,2.0,-35.0,35.0,-50.0
1646,2.0,-35.0,35.0,50.0
1647,2.0,-35.0,40.0,-50.0
1648,2.0,-35.0,40.0,50.0
1649,2.0,-30.0,-40.0,-50.0
1650,2.0,-30.0,-40.0,50.0
1651,2.0,-30.0,-35.0,-50.0
1652,2.0,-30.0,-35.0,50.0
1653,2.0,-30.0,-30.0,-50.0
1654,2.0,-30.0,-30.0,50.0
1655,2.0,-30.0,-25.0,-50.0
1656,2.0,-30.0,-25.0,50.0
1657,2.0,-30.0,-20.0,-50.0
1658,2.0,-30.0,-20.0,50.0
1659,2.0,-30.0,-15.0,-50.0
1660,2.0,-30.0,-15.0,50.0
1661,2.0,-30.0,-10.0,-50.0
1662,2.0,-30.0,-10.0,50.0
1663,2.0,-30.0,-5.0,-50.0
1664,2.0,-30.0,-5.0,50.0
1665,2.0,-30.0,0.0,-50.0
1666,2.0,-30.0,0.0,50.0
1667,2.0,-30.0,5.0,-50.0
1668,2.0,-30.0,5.0,50.0
1669,2.0,-30.0,10.0,-50.0
1670,2.0,-30.0,10.0,50.0
1671,2.0,-30.0,15.0,-50.0
1672,2.0,-30.0,15.0,50.0
1673,2.0,-30.0,20.0,-50.0
1674,2.0,-30.0,20.0,50.0
1675,2.0,-30.0,25.0,-50.0
1676,2.0,-30.0,25.0,50.0
1677,2.0,-30.0,30.0,-50.0
1678,2.0,-30.0,30.0,50.0
1679,2.0,-30.0,35.0,-50.0
1680,2.0,-30.0,35.0,50.0
1681,2.0,-30.0,40.0,-50.0
1682,2.0,-30.0,40.0,50.0
1683,2.0,-25.0,-40.0,-50.0
1684,2.0,-25.0,-40.0,50.0
1685,2.0,-25.0,-35.0,-50.0
1686,2.0,-25.0,-35.0,50.0
1687,2.0,-25.0,-30.0,-50.0
1688,2.0,-25.0,-30.0,50.0
1689,2.0,-25.0,-25.0,-50.0
1690,2.0,-25.0,-25.0,50.0
1691,2.0,-25.0,-20.0,-50.0
1692,2.0,-25.0,-20.0,50.0
1693,2.0,-25.0,-15.0,-50.0
1694,2.0,-25.0,-15.0,50.0
1695,2.0,-25.0,-10.0,-50.0
1696,2.0,-25.0,-10.0,50.0
1697,2.0,-25.0,-5.0,-50.0
1698,2.0,-25.0,-5.0,50.0
1699,2.0,-25.0,0.0,-50.0
1700,2.0,-25.0,0.0,50.0
1701,2.0,-25.0,5.0,-50.0
1702,2.0,-25.0,5.0,50.0
1703,2.0,-25.0,10.0,-50.0
1704,2.0,-25.0,10.0,50.0
1705,2.0,-25.0,15.0,-50.0
1706,2.0,-25.0,15.0,50.0
1707,2.0,-25.0,20.0,-50.0
1708,2.0,-25.0,20.0,50.0
1709,2.0,-25.0,25.0,-50.0
1710,2.0,-25.0,25.0,50.0
1711,2.0,-25.0,30.0,-50.0
1712,2.0,-25.0,30.0,50.0
1713,2.0,-25.0,35.0,-50.0
1714,2.0,-25.0,35.0,50.0
1715,2.0,-25.0,40.0,-50.0
1716,2.0,-25.0,40.0,50.0
1717,2.0,-20.0,-40.0,-50.0
1718,2.0,-20.0,-40.0,50.0
1719,2.0,-20.0,-35.0,-50.0
1720,2.0,-20.0,-35.0,50.0
1721,2.0,-20.0,-30.0,-50.0
1722,2.0,-20.0,-30.0,50.0
1723,2.0,-20.0,-25.0,-50.0
1724,2.0,-20.0,-25.0,50.0
1725,2.0,-20.0,-20.0,-50.0
1726,2.0,-20.0,-20.0,50.0
1727,2.0,-20.0,-15.0,-50.0
1728,2.0,-20.0,-15.0,50.0
1729,2.0,-20.0,-10.0,-50.0
1730,2.0,-20.0,-10.0,50.0
1731,2.0,-20.0,-5.0,-50.0
1732,2.0,-20.0,-5.0,50.0
1733,2.0,-20.0,0.0,-50.0
1734,2.0,-20.0,0.0,50.0
1735,2.0,-20.0,5.0,-50.0
1736,2.0,-20.0,5.0,50.0
1737,2.0,-20.0,10.0,-50.0
1738,2.0,-20.0,10.0,50.0
1739,2.0,-20.0,15.0,-50.0
1740,2.0,-20.0,15.0,50.0
1741,2.0,-20.0,20.0,-50.0
1742,2.0,-20.0,20.0,50.0
1743,2.0,-20.0,25.0,-50.0
1744,2.0,-20.0,25.0,50.0
1745,2.0,-20.0,30.0,-50.0
1746,2.0,-20.0,30.0,50.0
1747,2.0,-20.0,35.0,-50.0
1748,2.0,-20.0,35.0,50.0
1749,2.0,-20.0,40.0,-50.0
1750,2.0,-20.0,40.0,50.0
1751,2.0,-15.0,-40.0,-50.0
1752,2.0,-15.0,-40.0,50.0
1753,2.0,-15.0,-35.0,-50.0
1754,2.0,-15.0,-35.0,50.0
1755,2.0,-15.0,-30.0,-50.0
1756,2.0,-15.0,-30.0,50.0
1757,2.0,-15.0,-25.0,-50.0
1758,2.0,-15.0,-25.0,50.0
1759,2.0,-15.0,-20.0,-50.0
1760,2.0,-15.0,-20.0,50.0
1761,2.0,-15.0,-15.0,-50.0
1762,2.0,-15.0,-15.0,50.0
1763,2.0,-15.0,-10.0,-50.0
1764,2.0,-15.0,-10.0,50.0
1765,2.0,-15.0,-5.0,-50.0
1766,2.0,-15.0,-5.0,50.0
1767,2.0,-15.0,0.0,-50.0
1768,2.0,-15.0,0.0,50.0
1769,2.0,-15.0,5.0,-50.0
1770,2.0,-15.0,5.0,50.0
1771,2.0,-15.0,10.0,-50.0
1772,2.0,-15.0,10.0,50.0
1773,2.0,-15.0,15.0,-50.0
1774,2.0,-15.0,15.0,50.0
1775,2.0,-15.0,20.0,-50.0
1776,2.0,-15.0,20.0,50.0
1777,2.0,-15.0,25.0,-50.0
1778,2.0,-15.0,25.0,50.0
1779,2.0,-15.0,30.0,-50.0
1780,2.0,-15.0,30.0,50.0
1781,2.0,-15.0,35.0,-50.0
1782,2.0,-15.0,35.0,50.0
1783,2.0,-15.0,40.0,-50.0
1784,2.0,-15.0,40.0,50.0
1785,2.0,-10.0,-40.0,-50.0
1786,2.0,-10.0,-40.0,50.0
1787,2.0,-10.0,-35.0,-50.0
1788,2.0,-10.0,-35.0,50.0
1789,2.0,-10.0,-30.0,-50.0
1790,2.0,-10.0,-30.0,50.0
1791,2.0,-10.0,-25.0,-50.0
1792,2.0,-10.0,-25.0,50.0
1793,2.0,-10.0,-20.0,-50.0
1794,2.0,-10.0,-20.0,50.0
1795,2.0,-10.0,-15.0,-50.0
1796,2.0,-10.0,-15.0,50.0
1797,2.0,-10.0,-10.0,-50.0
1798,2.0,-10.0,-10.0,50.0
1799,2.0,-10.0,-5.0,-50.0
1800,2.0,-10.0,-5.0,50.0
1801,2.0,-10.0,0.0,-50.0
1802,2.0,-10.0,0.0,50.0
1803,2.0,-10.0,5.0,-50.0
1804,2.0,-10.0,5.0,50.0
1805,2.0,-10.0,10.0,-50.0
1806,2.0,-10.0,10.0,50.0
1807,2.0,-10.0,15.0,-50.0
1808,2.0,-10.0,15.0,50.0
1809,2.0,-10.0,20.0,-50.0
1810,2.0,-10.0,20.0,50.0
1811,2.0,-10.0,25.0,-50.0
1812,2.0,-10.0,25.0,50.0
1813,2.0,-10.0,30.0,-50.0
1814,2.0,-10.0,30.0,50.0
1815,2.0,-10.0,35.0,-50.0
1816,2.0,-10.0,35.0,50.0
1817,2.0,-10.0,40.0,-50.0
1818,2.0,-10.0,40.0,50.0
1819,2.0,-5.0,-40.0,-50.0
1820,2.0,-5.0,-40.0,50.0
1821,2.0,-5.0,-35.0,-50.0
1822,2.0,-5.0,-35.0,50.0
1823,2.0,-5.0,-30.0,-50.0
1824,2.0,-5.0,-30.0,50.0
1825,2.0,-5.0,-25.0,-50.0
1826,2.0,-5.0,-25.0,50.0
1827,2.0,-5.0,-20.0,-50.0
1828,2.0,-5.0,-20.0,50.0
1829,2.0,-5.0,-15.0,-50.0
1830,2.0,-5.0,-15.0,50.0
1831,2.0,-5.0,-10.0,-50.0
1832,2.0,-5.0,-10.0,50.0
1833,2.0,-5.0,10.0,-50.0
1834,2.0,-5.0,10.0,50.0
1835,2.0,-5.0,15.0,-50.0
1836,2.0,-5.0,15.0,50.0
1837,2.0,-5.0,20.0,-50.0
1838,2.0,-5.0,20.0,50.0
1839,2.0,-5.0,25.0,-50.0
1840,2.0,-5.0,25.0,50.0
1841,2.0,-5.0,30.0,-50.0
1842,2.0,-5.0,30.0,50.0
1843,2.0,-5.0,35.0,-50.0
1844,2.0,-5.0,35.0,50.0
1845,2.0,-5.0,40.0,-50.0
1846,2.0,-5.0,40.0,50.0
1847,2.0,0.0,-40.0,-50.0
1848,2.0,0.0,-40.0,50.0
1849,2.0,0.0,-35.0,-50.0
1850,2.0,0.0,-35.0,50.0
1851,2.0,0.0,-30.0,-50.0
1852,2.0,0.0,-30.0,50.0
1853,2.0,0.0,-25.0,-50.0
1854,2.0,0.0,-25.0,50.0
1855,2.0,0.0,-20.0,-50.0
1856,2.0,0.0,-20.0,50.0
1857,2.0,0.0,-15.0,-50.0
1858,2.0,0.0,-15.0,50.0
1859,2.0,0.0,-10.0,-50.0
1860,2.0,0.0,-10.0,50.0
1861,2.0,0.0,10.0,-50.0
1862,2.0,0.0,10.0,50.0
1863,2.0,0.0,15.0,-50.0
1864,2.0,0.0,15.0,50.0
1865,2.0,0.0,20.0,-50.0
1866,2.0,0.0,20.0,50.0
1867,2.0,0.0,25.0,-50.0
1868,2.0,0.0,25.0,50.0
1869,2.0,0.0,30.0,-50.0
1870,2.0,0.0,30.0,50.0
1871,2.0,0.0,35.0,-50.0
1872,2.0,0.0,35.0,50.0
1873,2.0,0.0,40.0,-50.0
1874,2.0,0.0,40.0,50.0
1875,2.0,5.0,-40.0,-50.0
1876,2.0,5.0,-40.0,50.0
1877,2.0,5.0,-35.0,-50.0
1878,2.0,5.0,-35.0,50.0
1879,2.0,5.0,-30.0,-50.0
1880,2.0,5.0,-30.0,50.0
1881,2.0,5.0,-25.0,-50.0
1882,2.0,5.0,-25.0,50.0
1883,2.0,5.0,-20.0,-50.0
1884,2.0,5.0,-20.0,50.0
1885,2.0,5.0,-15.0,-50.0
1886,2.0,5.0,-15.0,50.0
1887,2.0,5.0,-10.0,-50.0
1888,2.0,5.0,-10.0,50.0
1889,2.0,5.0,10.0,-50.0
1890,2.0,5.0,10.0,50.0
1891,2.0,5.0,15.0,-50.0
1892,2.0,5.0,15.0,50.0
1893,2.0,5.0,20.0,-50.0
1894,2.0,5.0,20.0,50.0
1895,2.0,5.0,25.0,-50.0
1896,2.0,5.0,25.0,50.0
1897,2.0,5.0,30.0,-50.0
1898,2.0,5.0,30.0,50.0
1899,2.0,5.0,35.0,-50.0
1900,2.0,5.0,35.0,50.0
1901,2.0,5.0,40.0,-50.0
1902,2.0,5.0,40.0,50.0
1903,2.0,10.0,-40.0,-50.0
1904,2.0,10.0,-40.0,50.0
1905,2.0,10.0,-35.0,-50.0
1906,2.0,10.0,-35.0,50.0
1907,2.0,10.0,-30.0,-50.0
1908,2.0,10.0,-30.0,50.0
1909,2.0,10.0,-25.0,-50.0
1910,2.0,10.0,-25.0,50.0
1911,2.0,10.0,-20.0,-50.0
1912,2.0,10.0,-20.0,50.0
1913,2.0,10.0,-15.0,-50.0
1914,2.0,10.0,-15.0,50.0
1915,2.0,10.0,-10.0,-50.0
1916,2.0,10.0,-10.0,50.0
1917,2.0,10.0,-5.0,-50.0
1918,2.0,10.0,-5.0,50.0
1919,2.0,10.0,0.0,-50.0
1920,2.0,10.0,0.0,50.0
1921,2.0,10.0,5.0,-50.0
1922,2.0,10.0,5.0,50.0
1923,2.0,10.0,10.0,-50.0
1924,2.0,10.0,10.0,50.0
1925,2.0,10.0,15.0,-50.0
1926,2.0,10.0,15.0,50.0
1927,2.0,10.0,20.0,-50.0
1928,2.0,10.0,20.0,50.0
1929,2.0,10.0,25.0,-50.0
1930,2.0,10.0,25.0,50.0
1931,2.0,10.0,30.0,-50.0
1932,2.0,10.0,30.0,50.0
1933,2.0,10.0,35.0,-50.0
1934,2.0,10.0,35.0,50.0
1935,2.0,10.0,40.0,-50.0
1936,2.0,10.0,40.0,50.0
1937,2.0,15.0,-40.0,-50.0
1938,2.0,15.0,-40.0,50.0
1939,2.0,15.0,-35.0,-50.0
1940,2.0,15.0,-35.0,50.0
1941,2.0,15.0,-30.0,-50.0
1942,2.0,15.0,-30.0,50.0
1943,2.0,15.0,-25.0,-50.0
1944,2.0,15.0,-25.0,50.0
1945,2.0,15.0,-20.0,-50.0
1946,2.0,15.0,-20.0,50.0
1947,2.0,15.0,-15.0,-50.0
1948,2.0,15.0,-15.0,50.0
1949,2.0,15.0,-10.0,-50.0
1950,2.0,15.0,-10.0,50.0
1951,2.0,15.0,-5.0,-50.0
1952,2.0,15.0,-5.0,50.0
1953,2.0,15.0,0.0,-50.0
1954,2.0,15.0,0.0,50.0
1955,2.0,15.0,5.0,-50.0
1956,2.0,15.0,5.0,50.0
1957,2.0,15.0,10.0,-50.0
1958,2.0,15.0,10.0,50.0
1959,2.0,15.0,15.0,-50.0
1960,2.0,15.0,15.0,50.0
1961,2.0,15.0,20.0,-50.0
1962,2.0,15.0,20.0,50.0
1963,2.0,15.0,25.0,-50.0
1964,2.0,15.0,25.0,50.0
1965,2.0,15.0,30.0,-50.0
1966,2.0,15.0,30.0,50.0
1967,2.0,15.0,35.0,-50.0
1968,2.0,15.0,35.0,50.0
1969,2.0,15.0,40.0,-50.0
1970,2.0,15.0,40.0,50.0
1971,2.0,20.0,-40.0,-50.0
1972,2.0,20.0,-40.0,50.0
1973,2.0,20.0,-35.0,-50.0
1974,2.0,20.0,-35.0,50.0
1975,2.0,20.0,-30.0,-50.0
1976,2.0,20.0,-30.0,50.0
1977,2.0,20.0,-25.0,-50.0
1978,2.0,20.0,-25.0,50.0
1979,2.0,20.0,-20.0,-50.0
1980,2.0,20.0,-20.0,50.0
1981,2.0,20.0,-15.0,-50.0
1982,2.0,20.0,-15.0,50.0
1983,2.0,20.0,-10.0,-50.0
1984,2.0,20.0,-10.0,50.0
1985,2.0,20.0,-5.0,-50.0
1986,2.0,20.0,-5.0,50.0
1987,2.0,20.0,0.0,-50.0
1988,2.0,20.0,0.0,50.0
1989,2.0,20.0,5.0,-50.0
1990,2.0,20.0,5.0,50.0
1991,2.0,20.0,10.0,-50.0
1992,2.0,20.0,10.0,50.0
1993,2.0,20.0,15.0,-50.0
1994,2.0,20.0,15.0,50.0
1995,2.0,20.0,20.0,-50.0
1996,2.0,20.0,20.0,50.0
1997,2.0,20.0,25.0,-50.0
1998,2.0,20.0,25.0,50.0
1999,2.0,20.0,30.0,-50.0
2000,2.0,20.0,30.0,50.0
2001,2.0,20.0,35.0,-50.0
2002,2.0,20.0,35.0,50.0
2003,2.0,20.0,40.0,-50.0
2004,2.0,20.0,40.0,50.0
2005,2.0,25.0,-40.0,-50.0
2006,2.0,25.0,-40.0,50.0
2007,2.0,25.0,-35.0,-50.0
2008,2.0,25.0,-35.0,50.0
2009,2.0,25.0,-30.0,-50.0
2010,2.0,25.0,-30.0,50.0
2011,2.0,25.0,-25.0,-50.0
2012,2.0,25.0,-25.0,50.0
2013,2.0,25.0,-20.0,-50.0
2014,2.0,25.0,-20.0,50.0
2015,2.0,25.0,-15.0,-50.0
2016,2.0,25.0,-15.0,50.0
2017,2.0,25.0,-10.0,-50.0
2018,2.0,25.0,-10.0,50.0
2019,2.0,25.0,-5.0,-50.0
2020,2.0,25.0,-5.0,50.0
2021,2.0,25.0,0.0,-50.0
2022,2.0,25.0,0.0,50.0
2023,2.0,25.0,5.0,-50.0
2024,2.0,25.0,5.0,50.0
2025,2.0,25.0,10.0,-50.0
2026,2.0,25.0,10.0,50.0
2027,2.0,25.0,15.0,-50.0
2028,2.0,25.0,15.0,50.0
2029,2.0,25.0,20.0,-50.0
2030,2.0,25.0,20.0,50.0
2031,2.0,25.0,25.0,-50.0
2032,2.0,25.0,25.0,50.0
2033,2.0,25.0,30.0,-50.0
2034,2.0,25.0,30.0,50.0
2035,2.0,25.0,35.0,-50.0
2036,2.0,25.0,35.0,50.0
2037,2.0,25.0,40.0,-50.0
2038,2.0,25.0,40.0,50.0
2039,2.0,30.0,-40.0,-50.0
2040,2.0,30.0,-40.0,50.0
2041,2.0,30.0,-35.0,-50.0
2042,2.0,30.0,-35.0,50.0
2043,2.0,30.0,-30.0,-50.0
2044,2.0,30.0,-30.0,50.0
2045,2.0,30.0,-25.0,-50.0
2046,2.0,30.0,-25.0,50.0
2047,2.0,30.0,-20.0,-50.0
2048,2.0,30.0,-20.0,50.0
2049,2.0,30.0,-15.0,-50.0
2050,2.0,30.0,-15.0,50.0
2051,2.0,30.0,-10.0,-50.0
2052,2.0,30.0,-10.0,50.0
2053,2.0,30.0,-5.0,-50.0
2054,2.0,30.0,-5.0,50.0
2055,2.0,30.0,0.0,-50.0
2056,2.0,30.0,0.0,50.0
2057,2.0,30.0,5.0,-50.0
2058,2.0,30.0,5.0,50.0
2059,2.0,30.0,10.0,-50.0
2060,2.0,30.0,10.0,50.0
2061,2.0,30.0,15.0,-50.0
2062,2.0,30.0,15.0,50.0
2063,2.0,30.0,20.0,-50.0
2064,2.0,30.0,20.0,50.0
2065,2.0,30.0,25.0,-50.0
2066,2.0,30.0,25.0,50.0
2067,2.0,30.0,30.0,-50.0
2068,2.0,30.0,30.0,50.0
2069,2.0,30.0,35.0,-50.0
2070,2.0,30.0,35.0,50.0
2071,2.0,30.0,40.0,-50.0
2072,2.0,30.0,40.0,50.0
2073,2.0,35.0,-40.0,-50.0
2074,2.0,35.0,-40.0,50.0
2075,2.0,35.0,-35.0,-50.0
2076,2.0,35.0,-35.0,50.0
2077,2.0,35.0,-30.0,-50.0
2078,2.0,35.0,-30.0,50.0
2079,2.0,35.0,-25.0,-50.0
2080,2.0,35.0,-25.0,50.0
2081,2.0,35.0,-20.0,-50.0
2082,2.0,35.0,-20.0,50.0
2083,2.0,35.0,-15.0,-50.0
2084,2.0,35.0,-15.0,50.0
2085,2.0,35.0,-10.0,-50.0
2086,2.0,35.0,-10.0,50.0
2087,2.0,35.0,-5.0,-50.0
2088,2.0,35.0,-5.0,50.0
2089,2.0,35.0,0.0,-50.0
2090,2.0,35.0,0.0,50.0
2091,2.0,35.0,5.0,-50.0
2092,2.0,35.0,5.0,50.0
2093,2.0,35.0,10.0,-50.0
2094,2.0,35.0,10.0,50.0
2095,2.0,35.0,15.0,-50.0
2096,2.0,35.0,15.0,50.0
2097,2.0,35.0,20.0,-50.0
2098,2.0,35.0,20.0,50.0
2099,2.0,35.0,25.0,-50.0
2100,2.0,35.0,25.0,50.0
2101,2.0,35.0,30.0,-50.0
2102,2.0,35.0,30.0,50.0
2103,2.0,35.0,35.0,-50.0
2104,2.0,35.0,35.0,50.0
2105,2.0,35.0,40.0,-50.0
2106,2.0,35.0,40.0,50.0
2107,2.0,40.0,-40.0,-50.0
2108,2.0,40.0,-40.0,50.0
2109,2.0,40.0,-35.0,-50.0
2110,2.0,40.0,-35.0,50.0
2111,2.0,40.0,-30.0,-50.0
2112,2.0,40.0,-30.0,50.0
2113,2.0,40.0,-25.0,-50.0
2114,2.0,40.0,-25.0,50.0
2115,2.0,40.0,-20.0,-50.0
2116,2.0,40.0,-20.0,50.0
2117,2.0,40.0,-15.0,-50.0
2118,2.0,40.0,-15.0,50.0
2119,2.0,40.0,-10.0,-50.0
2120,2.0,40.0,-10.0,50.0
2121,2.0,40.0,-5.0,-50.0
2122,2.0,40.0,-5.0,50.0
2123,2.0,40.0,0.0,-50.0
2124,2.0,40.0,0.0,50.0
2125,2.0,40.0,5.0,-50.0
2126,2.0,40.0,5.0,50.0
2127,2.0,40.0,10.0,-50.0
2128,2.0,40.0,10.0,50.0
2129,2.0,40.0,15.0,-50.0
2130,2.0,40.0,15.0,50.0
2131,2.0,40.0,20.0,-50.0
2132,2.0,40.0,20.0,50.0
2133,2.0,40.0,25.0,-50.0
2134,2.0,40.0,25.0,50.0
2135,2.0,40.0,30.0,-50.0
2136,2.0,40.0,30.0,50.0
2137,2.0,40.0,35.0,-50.0
2138,2.0,40.0,35.0,50.0
2139,2.0,40.0,40.0,-50.0
2140,2.0,40.0,40.0,50.0
